location,set,a_b,location_type,classification,binary_temp,binary_moisture,Rounded to Sub-Rounded,Sub-Rounded to Sub-Angular,Sub-Angular to Angular,Low Relief,Medium Relief,High Relief,Precipitation Features,Dissolution Etching,Fracture Faces,Subparallel Linear Features,Conchoidal Fractures,Curved Grooves,Straight Grooves,Deep Troughs,Crescentic Gouges,Arc Shaped Steps,Linear Steps,Sharp Angular Features,Upturned Plates,V Shaped Cracks,Edge Rounding,Breakage Blocks,Abrasion Features
NOR,5,B,river,cold-wet,cold,wet,0,1,0,0,1,0,0,1,0,1,0,0,0,0,0,1,0,0,0,1,1,0,0
NOR,5,B,river,cold-wet,cold,wet,0,1,0,0,1,0,1,0,1,1,1,0,0,0,1,0,1,0,0,0,1,0,0
NOR,5,B,river,cold-wet,cold,wet,0,0,1,0,1,0,0,1,0,1,1,0,0,0,0,1,0,0,0,0,0,0,0
NOR,5,B,river,cold-wet,cold,wet,0,0,1,0,1,0,0,1,1,1,1,0,0,0,0,1,1,1,1,0,0,0,0
NOR,5,B,river,cold-wet,cold,wet,0,0,1,0,1,0,0,1,0,1,0,0,0,0,0,1,1,0,0,1,0,0,0
NOR,5,B,river,cold-wet,cold,wet,0,0,1,0,0,1,1,1,0,0,0,0,0,0,0,1,0,1,0,0,0,0,0
NOR,5,B,river,cold-wet,cold,wet,0,1,0,0,1,0,0,1,0,1,1,0,0,0,0,1,0,0,0,0,0,0,0
NOR,5,B,river,cold-wet,cold,wet,0,1,0,0,1,0,0,1,0,1,1,0,0,0,0,0,1,0,1,1,1,0,0
NOR,5,B,river,cold-wet,cold,wet,0,0,1,0,1,0,0,1,0,1,1,0,0,0,0,1,1,0,0,0,0,0,0
NOR,5,B,river,cold-wet,cold,wet,0,0,1,0,1,0,0,1,0,0,1,0,0,0,0,1,1,0,0,0,0,0,0
NOR,5,B,river,cold-wet,cold,wet,0,0,1,1,0,0,0,1,0,0,1,0,0,0,1,0,1,0,0,0,0,0,0
NOR,5,B,river,cold-wet,cold,wet,0,1,0,0,1,0,1,1,0,0,1,0,0,0,0,1,1,0,0,1,1,0,0
NOR,5,B,river,cold-wet,cold,wet,0,0,1,0,1,0,0,1,0,1,1,0,0,0,0,0,0,0,1,0,0,1,1
NOR,5,B,river,cold-wet,cold,wet,0,0,1,0,1,0,1,1,0,0,1,0,0,0,1,0,1,0,0,0,0,0,0
NOR,5,B,river,cold-wet,cold,wet,0,0,1,0,1,0,1,1,0,1,1,0,0,0,0,0,1,0,0,1,1,0,1
NOR,5,B,river,cold-wet,cold,wet,0,0,1,0,1,0,0,1,0,0,1,0,0,0,0,1,1,0,1,0,0,0,0
NOR,5,B,river,cold-wet,cold,wet,0,0,1,0,1,0,0,1,0,1,1,0,0,0,1,0,1,1,0,1,0,0,0
NOR,5,B,river,cold-wet,cold,wet,0,1,0,0,1,0,1,0,0,1,1,0,0,0,0,0,0,0,1,0,0,0,0
NOR,5,B,river,cold-wet,cold,wet,0,1,0,0,0,1,0,1,0,1,1,0,0,0,0,0,1,0,0,0,1,0,0
NOR,5,B,river,cold-wet,cold,wet,0,0,1,0,1,0,1,1,0,0,0,0,0,0,0,1,1,0,1,1,0,0,0
NOR,5,B,river,cold-wet,cold,wet,0,1,0,0,1,0,1,1,0,1,1,0,0,0,0,1,0,0,0,1,1,0,0
NOR,5,B,river,cold-wet,cold,wet,0,0,1,1,0,0,1,1,0,1,1,0,0,0,0,1,1,0,1,0,0,0,0
NOR,5,B,river,cold-wet,cold,wet,0,1,0,0,1,0,0,1,0,1,1,0,0,0,0,0,1,0,1,0,1,0,0
NOR,5,B,river,cold-wet,cold,wet,0,0,1,1,0,0,0,1,0,1,0,0,0,0,0,1,1,0,1,0,0,0,0
NOR,5,B,river,cold-wet,cold,wet,0,1,0,0,1,0,0,1,0,1,1,0,0,0,0,1,1,0,0,0,0,0,1
RP-16,3,A,river,cold-dry,cold,dry,0,1,0,0,1,0,0,1,0,1,1,0,0,0,0,0,1,0,1,0,0,0,0
RP-16,3,A,river,cold-dry,cold,dry,0,1,0,0,1,0,0,1,0,0,0,0,0,0,0,0,1,0,1,0,0,0,0
RP-16,3,A,river,cold-dry,cold,dry,0,1,0,0,0,1,0,1,0,1,1,0,0,0,0,1,1,0,0,0,0,0,0
RP-16,3,A,river,cold-dry,cold,dry,0,1,0,0,1,0,0,0,1,1,0,0,0,0,0,1,1,0,0,0,1,0,0
RP-16,3,A,river,cold-dry,cold,dry,0,1,0,0,0,1,0,1,0,0,0,0,0,0,0,1,1,0,0,0,1,0,0
RP-16,3,A,river,cold-dry,cold,dry,0,1,0,0,1,0,0,1,0,0,1,0,0,0,0,1,1,0,0,0,0,0,0
RP-16,3,A,river,cold-dry,cold,dry,0,0,1,0,0,1,0,1,0,1,1,0,0,0,1,1,1,0,1,0,0,0,0
RP-16,3,A,river,cold-dry,cold,dry,0,1,0,0,0,1,1,0,0,0,1,0,0,0,0,0,1,0,1,0,1,0,0
RP-16,3,A,river,cold-dry,cold,dry,0,1,0,0,0,1,0,0,0,1,0,0,0,0,0,1,1,0,0,0,1,0,0
RP-16,3,A,river,cold-dry,cold,dry,1,0,0,0,1,0,1,1,0,0,0,0,0,0,0,1,1,0,1,0,1,0,0
RP-16,3,A,river,cold-dry,cold,dry,0,1,0,0,0,1,0,1,1,0,1,1,0,0,0,1,0,0,0,1,0,0,0
RP-16,3,A,river,cold-dry,cold,dry,0,1,0,0,1,0,0,1,0,1,1,0,0,0,0,0,1,0,1,0,0,0,0
RP-16,3,A,river,cold-dry,cold,dry,0,1,0,0,0,1,0,1,1,1,0,1,0,0,0,1,0,0,1,0,0,0,0
RP-16,3,A,river,cold-dry,cold,dry,0,1,0,0,1,0,0,1,0,1,0,0,0,0,0,0,1,0,1,0,1,0,0
RP-16,3,A,river,cold-dry,cold,dry,0,0,1,0,1,0,0,1,1,1,1,0,0,0,0,0,1,0,0,1,0,0,0
RP-16,3,A,river,cold-dry,cold,dry,0,1,0,0,0,1,0,1,0,1,0,0,0,0,0,1,1,0,0,0,0,0,0
RP-16,3,A,river,cold-dry,cold,dry,0,1,0,0,1,0,0,1,0,1,1,0,0,0,0,0,1,0,0,0,0,0,0
RP-16,3,A,river,cold-dry,cold,dry,0,1,0,0,1,0,0,1,0,0,1,0,0,0,0,0,1,0,0,1,0,0,0
RP-16,3,A,river,cold-dry,cold,dry,0,1,0,0,1,0,0,1,0,0,1,0,0,1,0,0,1,0,1,0,1,0,0
RP-16,3,A,river,cold-dry,cold,dry,0,0,1,0,0,1,0,1,0,0,0,0,0,0,0,1,1,0,0,0,0,0,0
RP-16,3,A,river,cold-dry,cold,dry,0,1,0,0,1,0,0,1,0,1,0,0,0,0,0,0,1,0,0,0,0,0,0
RP-16,3,A,river,cold-dry,cold,dry,0,0,1,0,0,1,0,0,0,1,1,0,0,0,0,0,1,0,1,0,0,0,0
RP-16,3,A,river,cold-dry,cold,dry,0,0,1,0,1,0,1,1,0,0,1,0,0,0,0,1,1,0,0,0,0,0,0
RP-16,3,A,river,cold-dry,cold,dry,0,0,1,0,0,1,0,1,1,1,1,0,0,0,0,1,0,1,0,0,0,0,0
RP-16,3,A,river,cold-dry,cold,dry,0,1,0,0,0,1,0,1,0,1,0,0,0,0,0,0,1,0,0,0,1,0,0
NOR,3,A,river,cold-wet,cold,wet,0,0,1,0,0,1,0,1,0,1,1,0,0,0,0,1,1,0,0,0,0,0,0
NOR,3,A,river,cold-wet,cold,wet,0,0,1,0,0,1,1,1,0,1,0,0,0,0,0,0,0,0,0,0,0,1,0
NOR,3,A,river,cold-wet,cold,wet,0,1,0,0,0,1,1,1,0,1,1,0,0,0,0,1,1,1,0,0,0,0,0
NOR,3,A,river,cold-wet,cold,wet,0,1,0,0,0,1,0,1,0,1,1,0,0,0,0,1,1,0,0,1,0,0,0
NOR,3,A,river,cold-wet,cold,wet,0,1,0,0,1,0,1,1,0,1,1,0,0,0,0,1,1,0,0,0,1,0,0
NOR,3,A,river,cold-wet,cold,wet,0,0,1,0,1,0,0,1,0,1,1,0,0,0,1,0,1,0,0,1,1,0,0
NOR,3,A,river,cold-wet,cold,wet,0,1,0,0,1,0,1,1,0,1,0,0,0,0,0,1,1,0,0,0,1,0,0
NOR,3,A,river,cold-wet,cold,wet,0,1,0,0,0,1,0,1,0,0,0,0,0,0,1,0,1,0,0,0,1,0,0
NOR,3,A,river,cold-wet,cold,wet,0,0,1,0,0,1,0,1,0,1,1,0,0,0,0,1,0,0,0,0,0,0,0
NOR,3,A,river,cold-wet,cold,wet,0,0,1,0,1,0,0,1,0,0,1,0,0,0,0,1,1,0,0,0,0,0,0
NOR,3,A,river,cold-wet,cold,wet,0,0,1,0,1,0,0,1,0,1,1,0,0,0,1,0,1,0,0,0,0,0,0
NOR,3,A,river,cold-wet,cold,wet,0,0,1,0,1,0,1,1,0,1,1,0,0,0,0,0,1,0,0,0,0,0,0
NOR,3,A,river,cold-wet,cold,wet,0,1,0,0,0,1,0,1,0,1,1,0,0,0,0,1,1,0,0,1,1,0,1
NOR,3,A,river,cold-wet,cold,wet,0,1,0,0,1,0,0,1,0,1,1,0,0,0,0,1,1,1,0,0,1,0,0
NOR,3,A,river,cold-wet,cold,wet,0,0,1,0,1,0,1,1,0,1,1,1,0,0,1,1,1,0,0,1,0,0,0
NOR,3,A,river,cold-wet,cold,wet,0,1,0,0,0,1,1,1,0,1,1,0,0,0,0,1,1,0,0,0,0,0,0
NOR,3,A,river,cold-wet,cold,wet,0,1,0,0,1,0,1,1,0,0,1,0,0,0,0,0,1,0,0,1,1,0,0
NOR,3,A,river,cold-wet,cold,wet,0,1,0,0,1,0,0,1,0,0,0,0,0,0,0,1,1,0,0,0,1,0,0
NOR,3,A,river,cold-wet,cold,wet,0,1,0,0,0,1,0,1,0,1,0,0,0,0,1,1,0,0,0,1,0,0,1
NOR,3,A,river,cold-wet,cold,wet,0,1,0,0,0,1,0,1,0,0,0,0,0,0,0,1,0,0,0,0,0,0,0
NOR,3,A,river,cold-wet,cold,wet,0,1,0,0,0,1,1,1,0,1,0,0,0,0,0,1,0,0,0,0,1,0,0
NOR,3,A,river,cold-wet,cold,wet,0,1,0,0,1,0,0,1,0,1,1,0,0,0,0,1,0,0,0,0,0,0,0
NOR,3,A,river,cold-wet,cold,wet,0,0,1,0,0,1,0,1,0,1,1,0,0,0,1,1,1,0,0,0,0,0,0
NOR,3,A,river,cold-wet,cold,wet,0,1,0,0,1,0,0,1,0,1,0,0,0,0,0,1,1,0,0,0,0,0,0
NOR,3,A,river,cold-wet,cold,wet,0,0,1,0,0,1,0,1,0,1,1,0,0,0,0,1,1,0,0,0,1,0,0
NOR,7,A,river,cold-wet,cold,wet,0,1,0,0,1,0,0,0,1,1,1,0,0,0,1,0,0,0,0,0,0,1,0
NOR,7,A,river,cold-wet,cold,wet,0,1,0,0,1,0,0,0,0,1,1,0,0,0,0,1,0,0,0,0,1,0,1
NOR,7,A,river,cold-wet,cold,wet,0,0,1,0,0,1,0,1,0,0,1,0,0,0,0,0,1,0,1,1,0,0,0
NOR,7,A,river,cold-wet,cold,wet,0,1,0,0,1,0,1,0,0,0,1,0,0,0,1,1,1,0,0,1,0,0,0
NOR,7,A,river,cold-wet,cold,wet,0,0,1,0,1,0,0,1,0,0,0,0,0,0,0,0,1,0,1,0,0,0,0
NOR,7,A,river,cold-wet,cold,wet,0,1,0,0,0,1,1,0,0,1,1,0,0,0,0,1,1,0,0,1,1,0,0
NOR,7,A,river,cold-wet,cold,wet,0,0,1,0,0,1,1,0,0,1,1,0,0,1,0,0,0,0,0,1,0,0,0
NOR,7,A,river,cold-wet,cold,wet,0,0,1,0,0,1,1,1,1,0,1,0,0,0,0,1,0,0,0,1,0,0,0
NOR,7,A,river,cold-wet,cold,wet,0,1,0,0,1,0,1,0,0,1,1,0,0,0,0,0,1,0,0,0,0,0,0
NOR,7,A,river,cold-wet,cold,wet,0,1,0,0,1,0,1,0,0,1,1,0,0,0,0,1,0,0,0,0,1,0,0
NOR,7,A,river,cold-wet,cold,wet,0,1,0,0,1,0,1,1,0,0,0,0,0,0,0,0,1,0,1,0,0,0,0
NOR,7,A,river,cold-wet,cold,wet,0,0,1,0,1,0,0,0,1,0,1,0,0,0,0,1,0,0,1,0,0,0,0
NOR,7,A,river,cold-wet,cold,wet,0,1,0,0,1,0,0,0,1,1,1,1,0,0,0,1,1,0,0,0,1,0,0
NOR,7,A,river,cold-wet,cold,wet,0,1,0,0,0,1,1,0,0,1,1,0,0,0,0,1,1,0,0,0,0,0,0
NOR,7,A,river,cold-wet,cold,wet,0,0,1,0,0,1,0,1,1,1,1,0,1,0,0,0,0,1,1,1,0,0,0
NOR,7,A,river,cold-wet,cold,wet,0,0,1,0,1,0,0,0,0,1,1,0,0,0,0,1,1,0,0,1,0,0,1
NOR,7,A,river,cold-wet,cold,wet,0,0,1,0,1,0,0,0,0,0,1,0,0,0,1,1,1,0,1,0,0,0,0
NOR,7,A,river,cold-wet,cold,wet,0,0,1,0,1,0,0,0,1,1,1,0,0,0,0,1,0,0,1,0,0,1,0
NOR,7,A,river,cold-wet,cold,wet,0,1,0,0,1,0,1,0,0,0,1,0,0,0,0,1,1,0,0,0,0,0,0
NOR,7,A,river,cold-wet,cold,wet,0,0,1,0,1,0,0,1,0,0,1,0,0,0,0,0,1,1,0,0,0,0,0
NOR,7,A,river,cold-wet,cold,wet,0,0,1,0,1,0,0,1,0,0,1,0,0,0,0,1,0,0,0,0,1,1,0
NOR,7,A,river,cold-wet,cold,wet,0,0,1,0,0,1,0,0,0,0,0,0,0,1,0,0,1,1,1,0,1,0,0
NOR,7,A,river,cold-wet,cold,wet,0,0,1,0,1,0,0,1,0,1,1,0,0,0,0,0,0,1,0,0,0,0,0
NOR,7,A,river,cold-wet,cold,wet,0,0,1,0,0,1,0,0,0,0,1,0,0,0,0,0,1,0,0,1,0,0,1
NOR,7,A,river,cold-wet,cold,wet,0,0,1,0,1,0,1,0,1,0,1,0,0,0,0,0,1,0,0,1,0,0,0
RG,9,A,river,hot-wet,hot,wet,0,0,1,0,1,0,1,1,0,1,1,0,0,0,0,0,1,0,0,0,0,0,0
RG,9,A,river,hot-wet,hot,wet,0,0,1,0,0,1,0,1,0,0,1,0,1,0,1,0,1,1,0,0,0,0,0
RG,9,A,river,hot-wet,hot,wet,0,0,1,0,0,1,1,1,1,1,0,0,0,0,1,0,0,0,0,0,0,1,0
RG,9,A,river,hot-wet,hot,wet,0,0,1,0,1,0,0,1,0,1,1,0,0,0,0,0,1,0,1,0,0,0,0
RG,9,A,river,hot-wet,hot,wet,0,0,1,0,1,0,0,1,0,0,1,0,0,0,1,1,1,0,0,0,0,0,0
RG,9,A,river,hot-wet,hot,wet,0,0,1,0,0,1,1,1,0,1,1,1,0,0,0,0,1,0,1,1,0,0,1
RG,9,A,river,hot-wet,hot,wet,0,0,1,0,1,0,1,1,0,0,0,0,0,0,0,1,0,1,1,0,0,0,0
RG,9,A,river,hot-wet,hot,wet,0,0,1,0,0,1,1,0,0,1,1,0,0,0,0,0,1,1,0,1,0,0,0
RG,9,A,river,hot-wet,hot,wet,0,0,1,0,1,0,1,1,0,1,1,0,0,0,0,0,0,0,0,1,1,0,0
RG,9,A,river,hot-wet,hot,wet,0,1,0,0,0,1,1,1,1,0,1,0,0,0,0,1,1,0,0,0,0,0,0
RG,9,A,river,hot-wet,hot,wet,0,0,1,0,1,0,0,1,0,1,1,0,0,0,0,1,0,0,0,1,0,1,0
RG,9,A,river,hot-wet,hot,wet,0,0,1,0,1,0,0,1,0,0,1,0,0,0,0,1,1,0,0,1,0,0,0
RG,9,A,river,hot-wet,hot,wet,0,1,0,0,0,1,1,1,0,1,1,0,0,0,0,0,1,0,0,0,0,0,0
RG,9,A,river,hot-wet,hot,wet,0,0,1,0,1,0,0,1,0,0,1,0,0,0,0,0,0,1,0,1,1,0,0
RG,9,A,river,hot-wet,hot,wet,0,0,1,0,1,0,1,1,0,1,0,0,0,0,0,0,1,0,0,0,0,0,0
RG,9,A,river,hot-wet,hot,wet,0,1,0,0,1,0,1,0,0,1,1,0,0,0,1,0,1,0,1,1,0,0,0
RG,9,A,river,hot-wet,hot,wet,0,1,0,0,1,0,0,1,0,1,1,0,0,0,0,0,1,0,0,0,1,0,0
RG,9,A,river,hot-wet,hot,wet,0,0,1,0,1,0,0,1,0,1,1,0,0,0,0,0,1,0,1,0,0,0,0
RG,9,A,river,hot-wet,hot,wet,0,0,1,0,1,0,0,1,0,0,0,0,0,0,0,1,1,0,0,1,1,0,1
RG,9,A,river,hot-wet,hot,wet,0,0,1,0,0,1,0,1,0,1,1,0,0,0,0,1,1,0,0,0,0,0,0
RG,9,A,river,hot-wet,hot,wet,0,1,0,0,1,0,1,1,0,1,1,0,0,0,0,0,1,0,1,0,0,0,0
RG,9,A,river,hot-wet,hot,wet,0,0,1,0,1,0,0,1,0,1,0,0,0,0,1,1,0,0,0,1,0,0,0
RG,9,A,river,hot-wet,hot,wet,0,1,0,0,1,0,0,1,0,0,1,0,0,0,0,1,1,0,1,0,1,0,0
RG,9,A,river,hot-wet,hot,wet,0,1,0,0,1,0,1,1,0,1,1,0,0,0,0,1,0,0,1,0,1,1,0
RG,9,A,river,hot-wet,hot,wet,0,1,0,0,0,1,0,1,0,0,1,0,0,0,0,1,1,0,0,0,0,0,0
IGNF,13,B,river,hot-dry,hot,dry,0,0,1,0,0,1,0,1,0,1,1,0,0,0,0,1,0,0,1,0,0,0,0
IGNF,13,B,river,hot-dry,hot,dry,0,0,1,0,1,0,1,1,0,0,0,0,0,0,1,0,1,0,0,0,0,0,0
IGNF,13,B,river,hot-dry,hot,dry,0,0,1,0,0,1,0,1,0,1,1,0,0,0,1,1,0,0,0,0,0,0,0
IGNF,13,B,river,hot-dry,hot,dry,0,0,1,1,0,0,0,0,0,1,0,0,0,0,1,0,0,0,1,0,0,0,0
IGNF,13,B,river,hot-dry,hot,dry,0,0,1,0,0,1,0,1,0,1,1,0,0,0,0,0,1,0,1,1,1,1,0
IGNF,13,B,river,hot-dry,hot,dry,0,0,1,0,1,0,0,1,0,1,1,1,0,0,0,1,0,0,1,1,1,0,1
IGNF,13,B,river,hot-dry,hot,dry,0,0,1,0,1,0,0,0,0,1,1,0,0,0,0,1,0,1,0,0,0,0,1
IGNF,13,B,river,hot-dry,hot,dry,0,1,0,0,1,0,0,1,0,1,1,0,0,0,1,1,1,0,0,0,1,0,1
IGNF,13,B,river,hot-dry,hot,dry,0,0,1,0,0,1,1,0,0,0,0,0,0,0,1,0,0,0,0,0,0,0,0
IGNF,13,B,river,hot-dry,hot,dry,0,0,1,0,1,0,0,1,0,0,1,0,0,0,0,0,1,0,1,1,0,0,0
IGNF,13,B,river,hot-dry,hot,dry,0,0,1,0,1,0,1,1,0,1,1,0,0,0,0,0,1,1,0,0,0,0,0
IGNF,13,B,river,hot-dry,hot,dry,0,1,0,0,1,0,1,1,0,1,1,0,0,0,0,0,0,1,0,0,0,0,0
IGNF,13,B,river,hot-dry,hot,dry,0,0,1,0,0,1,0,1,1,1,0,0,0,0,0,0,1,0,0,0,0,0,1
IGNF,13,B,river,hot-dry,hot,dry,0,1,0,0,1,0,0,1,0,1,1,0,0,0,1,1,1,0,0,1,0,0,0
IGNF,13,B,river,hot-dry,hot,dry,0,1,0,0,1,0,0,1,0,1,1,0,0,1,0,0,0,0,0,0,0,0,0
IGNF,13,B,river,hot-dry,hot,dry,0,1,0,0,1,0,0,1,0,1,1,0,0,0,1,0,0,0,0,0,0,0,0
IGNF,13,B,river,hot-dry,hot,dry,0,1,0,0,1,0,0,1,0,1,1,0,0,1,0,1,1,0,0,0,0,0,0
IGNF,13,B,river,hot-dry,hot,dry,0,0,1,0,0,1,0,0,0,1,1,0,0,0,0,0,1,0,0,0,0,0,0
IGNF,13,B,river,hot-dry,hot,dry,0,0,1,0,1,0,0,1,0,1,1,0,0,0,1,0,0,1,1,0,0,0,0
IGNF,13,B,river,hot-dry,hot,dry,0,0,1,0,1,0,0,1,0,0,0,0,0,0,1,0,1,0,1,0,0,0,0
IGNF,13,B,river,hot-dry,hot,dry,0,1,0,0,1,0,0,1,0,1,0,0,1,0,0,1,1,0,0,0,0,0,0
IGNF,13,B,river,hot-dry,hot,dry,0,1,0,0,0,1,1,1,0,0,1,0,0,1,0,0,0,0,0,1,0,0,0
IGNF,13,B,river,hot-dry,hot,dry,0,0,1,0,1,0,0,1,0,1,1,0,0,0,0,1,0,0,0,0,1,0,0
IGNF,13,B,river,hot-dry,hot,dry,0,1,0,0,1,0,0,0,0,0,1,0,0,0,0,0,1,0,0,0,0,0,1
IGNF,13,B,river,hot-dry,hot,dry,0,1,0,0,1,0,0,0,0,1,1,0,0,0,1,1,1,0,0,0,1,0,0
RG,15,B,river,hot-wet,hot,wet,0,0,1,0,1,0,1,1,0,1,1,0,0,0,0,0,1,0,0,1,0,0,1
RG,15,B,river,hot-wet,hot,wet,0,0,1,0,1,0,1,1,0,1,0,0,0,0,1,1,0,0,0,1,0,0,0
RG,15,B,river,hot-wet,hot,wet,0,0,1,0,1,0,0,1,0,0,0,0,0,0,0,1,1,1,0,1,1,0,0
RG,15,B,river,hot-wet,hot,wet,0,1,0,0,1,0,1,1,0,1,1,1,1,0,0,1,0,0,1,1,1,0,1
RG,15,B,river,hot-wet,hot,wet,0,1,0,0,1,0,1,0,0,0,0,0,0,0,0,1,1,0,0,0,1,0,0
RG,15,B,river,hot-wet,hot,wet,0,0,1,0,0,1,1,1,0,0,0,0,0,0,0,0,1,0,1,0,0,1,0
RG,15,B,river,hot-wet,hot,wet,0,1,0,0,1,0,0,1,0,0,1,0,0,0,0,1,1,0,0,0,0,0,0
RG,15,B,river,hot-wet,hot,wet,0,1,0,0,0,1,1,1,0,1,0,0,0,0,0,0,0,0,0,0,0,1,0
RG,15,B,river,hot-wet,hot,wet,0,1,0,0,1,0,1,1,0,0,0,0,0,0,0,0,1,0,0,1,1,0,0
RG,15,B,river,hot-wet,hot,wet,0,0,1,0,0,1,0,1,0,0,1,0,0,0,0,0,1,0,0,0,0,1,1
RG,15,B,river,hot-wet,hot,wet,0,0,1,0,1,0,1,1,0,1,1,0,0,0,0,1,0,0,0,1,0,0,1
RG,15,B,river,hot-wet,hot,wet,0,0,1,0,1,0,0,1,0,1,1,0,0,0,0,1,1,1,1,0,0,0,1
RG,15,B,river,hot-wet,hot,wet,0,0,1,0,1,0,1,0,0,1,0,0,0,0,0,1,1,0,0,0,0,1,0
RG,15,B,river,hot-wet,hot,wet,0,1,0,0,1,0,1,0,0,1,0,0,0,0,0,0,0,0,0,0,1,0,0
RG,15,B,river,hot-wet,hot,wet,0,0,1,0,1,0,0,1,0,0,0,0,1,0,0,1,0,0,0,0,1,0,1
RG,15,B,river,hot-wet,hot,wet,0,1,0,0,1,0,1,1,0,0,1,0,0,0,0,0,0,0,0,0,1,0,0
RG,15,B,river,hot-wet,hot,wet,0,0,1,0,0,1,1,0,0,0,1,0,0,0,0,1,1,1,1,0,0,0,0
RG,15,B,river,hot-wet,hot,wet,0,1,0,0,1,0,1,0,0,1,1,0,0,0,1,1,1,0,1,0,1,0,0
RG,15,B,river,hot-wet,hot,wet,0,0,1,0,1,0,0,1,0,1,1,0,0,0,0,0,1,0,1,1,0,0,0
RG,15,B,river,hot-wet,hot,wet,0,0,1,0,1,0,0,1,0,1,1,0,0,0,0,1,1,0,0,1,0,0,1
RG,15,B,river,hot-wet,hot,wet,0,0,1,0,1,0,0,1,1,0,1,0,0,0,0,1,0,0,1,0,0,0,0
RG,15,B,river,hot-wet,hot,wet,0,1,0,0,0,1,1,1,0,1,1,0,0,0,0,1,1,0,1,0,0,0,0
RG,15,B,river,hot-wet,hot,wet,0,0,1,0,1,0,1,1,0,0,1,0,0,1,0,1,1,1,1,0,0,0,0
RG,15,B,river,hot-wet,hot,wet,0,0,1,0,1,0,0,1,0,1,1,0,0,0,0,1,0,0,1,0,0,0,0
RG,15,B,river,hot-wet,hot,wet,0,0,1,0,1,0,0,1,0,0,1,0,0,0,1,0,0,1,0,1,0,0,0
RG,10,B,river,hot-wet,hot,wet,0,0,1,0,1,0,0,1,0,1,1,0,0,0,0,0,0,0,1,1,0,0,0
RG,10,B,river,hot-wet,hot,wet,0,1,0,0,0,1,1,1,0,1,1,0,0,1,1,0,0,0,0,0,1,0,0
RG,10,B,river,hot-wet,hot,wet,0,0,1,0,1,0,1,1,0,1,0,0,1,0,0,0,1,0,1,0,0,0,0
RG,10,B,river,hot-wet,hot,wet,0,0,1,0,0,1,0,1,0,1,1,0,0,0,0,0,0,0,0,1,0,0,0
RG,10,B,river,hot-wet,hot,wet,0,0,1,0,1,0,0,0,0,0,1,0,0,0,0,1,0,0,1,1,0,0,0
RG,10,B,river,hot-wet,hot,wet,0,0,1,0,1,0,0,1,0,0,0,0,0,0,0,0,0,0,1,1,0,0,1
RG,10,B,river,hot-wet,hot,wet,0,1,0,0,1,0,0,1,0,1,1,0,0,0,0,0,1,0,1,0,1,0,0
RG,10,B,river,hot-wet,hot,wet,0,0,1,0,0,1,0,1,0,1,1,1,0,0,0,1,1,0,1,1,1,0,0
RG,10,B,river,hot-wet,hot,wet,0,0,1,0,0,1,0,1,0,0,1,1,0,0,0,0,1,1,1,1,1,0,0
RG,10,B,river,hot-wet,hot,wet,0,0,1,0,0,1,1,1,0,1,1,0,0,0,0,1,1,0,1,0,0,0,0
RG,10,B,river,hot-wet,hot,wet,0,0,1,0,1,0,0,1,0,1,0,0,0,0,0,0,0,1,0,0,0,0,0
RG,10,B,river,hot-wet,hot,wet,0,0,1,0,0,1,0,1,0,0,0,0,0,0,0,1,0,0,0,1,0,0,0
RG,10,B,river,hot-wet,hot,wet,0,1,0,0,0,1,1,1,0,1,1,0,0,0,0,1,1,0,0,1,0,0,0
RG,10,B,river,hot-wet,hot,wet,0,0,1,0,0,1,1,1,0,1,1,0,0,0,0,1,1,0,1,1,0,0,0
RG,10,B,river,hot-wet,hot,wet,0,0,1,0,1,0,0,1,0,0,0,0,0,0,0,0,0,0,1,0,0,0,0
RG,10,B,river,hot-wet,hot,wet,0,1,0,0,1,0,0,1,0,0,1,0,0,0,0,0,0,0,1,1,1,0,0
RG,10,B,river,hot-wet,hot,wet,0,0,1,0,0,1,0,1,0,0,1,0,0,0,0,0,0,0,0,1,0,0,0
RG,10,B,river,hot-wet,hot,wet,0,1,0,0,0,1,1,1,0,1,0,0,0,0,0,1,0,0,0,0,1,0,0
RG,10,B,river,hot-wet,hot,wet,0,0,1,0,0,1,0,1,0,0,1,0,0,0,0,0,1,0,0,1,0,0,0
RG,10,B,river,hot-wet,hot,wet,0,0,1,0,0,1,0,1,0,1,1,0,0,0,0,0,1,0,0,0,0,0,0
RG,10,B,river,hot-wet,hot,wet,0,0,1,0,1,0,0,1,0,1,1,0,0,0,0,1,1,0,0,1,0,0,0
RG,10,B,river,hot-wet,hot,wet,0,0,1,0,1,0,0,1,0,1,0,0,0,0,0,0,1,1,0,1,0,0,0
RG,10,B,river,hot-wet,hot,wet,0,0,1,0,0,1,1,1,0,1,1,0,0,0,0,0,0,0,1,1,0,0,0
RG,10,B,river,hot-wet,hot,wet,0,1,0,0,1,0,0,1,0,1,1,0,0,0,0,1,0,1,1,1,0,0,0
RG,10,B,river,hot-wet,hot,wet,0,0,1,0,1,0,0,1,1,0,1,0,0,0,1,1,0,0,1,1,0,0,0
NOR,6,A,river,cold-wet,cold,wet,0,1,0,0,1,0,0,1,0,1,1,0,0,0,0,1,0,0,0,0,1,0,0
NOR,6,A,river,cold-wet,cold,wet,0,1,0,0,1,0,1,1,0,1,1,0,0,0,0,1,1,0,0,0,1,0,0
NOR,6,A,river,cold-wet,cold,wet,0,1,0,0,1,0,1,1,0,1,0,0,0,0,0,0,1,0,1,0,0,0,0
NOR,6,A,river,cold-wet,cold,wet,0,1,0,0,1,0,1,1,0,1,0,0,0,0,0,1,1,0,0,0,1,0,0
NOR,6,A,river,cold-wet,cold,wet,0,0,1,0,0,1,1,1,0,1,1,0,0,0,0,1,1,0,0,1,1,0,0
NOR,6,A,river,cold-wet,cold,wet,0,0,1,0,1,0,1,1,0,1,0,0,0,0,1,1,1,0,0,0,0,0,1
NOR,6,A,river,cold-wet,cold,wet,0,0,1,0,0,1,1,1,1,1,1,0,0,0,0,1,1,1,1,0,1,0,0
NOR,6,A,river,cold-wet,cold,wet,0,0,1,0,1,0,0,1,0,1,1,0,0,0,1,0,1,0,0,1,0,0,0
NOR,6,A,river,cold-wet,cold,wet,0,1,0,0,0,1,0,1,0,1,1,0,0,0,0,1,1,0,0,0,0,0,0
NOR,6,A,river,cold-wet,cold,wet,0,1,0,0,0,1,0,1,0,1,1,0,0,0,0,1,1,0,0,1,0,0,0
NOR,6,A,river,cold-wet,cold,wet,0,1,0,0,0,1,0,1,0,1,0,0,0,0,0,1,1,0,1,0,1,0,0
NOR,6,A,river,cold-wet,cold,wet,0,1,0,0,1,0,0,0,1,1,1,1,0,0,0,0,1,1,0,0,0,1,0
NOR,6,A,river,cold-wet,cold,wet,0,1,0,0,1,0,1,1,0,1,1,0,0,0,0,1,1,0,1,1,1,0,0
NOR,6,A,river,cold-wet,cold,wet,0,1,0,0,0,1,1,0,0,1,0,0,0,0,0,1,1,1,0,0,0,0,0
NOR,6,A,river,cold-wet,cold,wet,0,1,0,0,0,1,1,1,0,1,1,0,0,0,0,0,1,0,0,1,1,0,0
NOR,6,A,river,cold-wet,cold,wet,0,1,0,0,1,0,0,1,1,0,1,0,0,0,0,1,1,0,0,1,0,0,0
NOR,6,A,river,cold-wet,cold,wet,0,1,0,0,1,0,0,1,0,1,0,0,0,0,0,1,0,0,0,0,1,0,0
NOR,6,A,river,cold-wet,cold,wet,1,0,0,0,0,1,0,1,0,1,1,0,0,0,0,1,1,0,0,0,1,0,0
NOR,6,A,river,cold-wet,cold,wet,0,1,0,0,0,1,0,1,0,1,0,0,0,0,1,1,1,0,0,1,1,0,0
NOR,6,A,river,cold-wet,cold,wet,0,0,1,0,1,0,0,1,0,1,1,0,0,0,1,1,1,0,0,1,0,0,0
NOR,6,A,river,cold-wet,cold,wet,0,1,0,0,1,0,0,1,0,0,1,0,0,0,1,1,1,0,0,0,0,0,0
NOR,6,A,river,cold-wet,cold,wet,0,0,1,0,0,1,0,1,0,1,0,0,0,0,0,0,1,0,0,0,0,0,0
NOR,6,A,river,cold-wet,cold,wet,0,1,0,0,1,0,0,1,0,1,1,0,0,0,0,1,1,0,0,1,0,0,0
NOR,6,A,river,cold-wet,cold,wet,0,0,1,0,0,1,0,1,0,1,1,0,0,0,0,1,1,0,0,0,0,0,0
NOR,6,A,river,cold-wet,cold,wet,0,0,1,0,1,0,1,1,1,1,0,0,0,0,0,0,1,0,1,1,0,0,0
IGNF,7,B,river,hot-dry,hot,dry,0,1,0,0,1,0,0,1,0,1,1,0,0,0,0,1,0,0,0,0,1,0,0
IGNF,7,B,river,hot-dry,hot,dry,0,1,0,0,1,0,0,1,0,0,1,0,0,0,1,0,1,1,0,0,0,1,0
IGNF,7,B,river,hot-dry,hot,dry,0,0,1,0,0,1,0,1,0,1,1,0,0,0,0,1,1,0,0,0,0,0,0
IGNF,7,B,river,hot-dry,hot,dry,0,0,1,1,0,0,1,1,1,1,0,0,0,0,0,0,0,1,1,0,0,0,0
IGNF,7,B,river,hot-dry,hot,dry,0,0,1,0,1,0,0,1,0,0,1,0,0,0,0,0,1,1,0,0,0,0,0
IGNF,7,B,river,hot-dry,hot,dry,0,1,0,0,0,1,1,1,0,0,1,0,0,0,0,1,0,0,1,1,0,0,1
IGNF,7,B,river,hot-dry,hot,dry,0,1,0,0,0,1,0,1,0,1,1,0,0,0,0,1,1,1,1,0,1,0,0
IGNF,7,B,river,hot-dry,hot,dry,0,0,1,0,0,1,0,1,0,1,1,0,0,0,1,0,1,1,0,0,0,0,0
IGNF,7,B,river,hot-dry,hot,dry,0,1,0,0,1,0,0,1,0,1,1,0,0,0,1,0,0,0,0,1,1,0,0
IGNF,7,B,river,hot-dry,hot,dry,0,0,1,0,1,0,0,0,0,1,1,1,0,0,0,1,1,0,1,0,0,0,0
IGNF,7,B,river,hot-dry,hot,dry,0,0,1,0,1,0,0,1,0,1,1,0,0,0,0,1,0,0,0,0,0,0,1
IGNF,7,B,river,hot-dry,hot,dry,0,1,0,0,0,1,0,1,0,0,1,0,1,0,0,0,1,0,0,0,0,0,1
IGNF,7,B,river,hot-dry,hot,dry,0,0,1,0,0,1,0,1,0,1,0,0,0,1,1,1,1,1,0,1,0,0,0
IGNF,7,B,river,hot-dry,hot,dry,0,1,0,0,0,1,0,1,0,0,1,0,0,1,0,1,1,0,1,0,0,0,0
IGNF,7,B,river,hot-dry,hot,dry,0,0,1,0,0,1,1,1,0,1,1,0,0,0,0,0,1,0,1,0,0,1,0
IGNF,7,B,river,hot-dry,hot,dry,0,0,1,0,1,0,0,1,0,1,1,0,0,0,0,1,0,0,1,0,0,0,0
IGNF,7,B,river,hot-dry,hot,dry,0,1,0,0,0,1,1,1,0,1,1,0,0,0,1,1,1,0,0,0,0,0,0
IGNF,7,B,river,hot-dry,hot,dry,0,0,1,0,1,0,0,1,0,1,0,0,1,0,0,0,0,0,0,0,1,0,0
IGNF,7,B,river,hot-dry,hot,dry,0,0,1,0,1,0,0,1,0,1,0,1,0,0,0,1,1,1,0,1,0,0,1
IGNF,7,B,river,hot-dry,hot,dry,0,0,1,0,1,0,0,0,0,1,1,0,0,0,1,1,1,1,1,0,0,0,1
IGNF,7,B,river,hot-dry,hot,dry,0,0,1,0,0,1,1,1,0,1,1,0,0,0,0,1,0,0,0,0,0,0,0
IGNF,7,B,river,hot-dry,hot,dry,0,0,1,0,0,1,0,1,0,1,1,0,0,0,0,1,0,0,1,1,0,0,0
IGNF,7,B,river,hot-dry,hot,dry,0,0,1,0,1,0,0,1,0,0,1,0,0,0,0,1,1,0,0,0,0,1,0
IGNF,7,B,river,hot-dry,hot,dry,0,0,1,0,0,1,1,1,0,1,0,0,0,0,1,0,1,0,0,1,0,0,0
IGNF,7,B,river,hot-dry,hot,dry,0,0,1,0,0,1,0,1,0,1,1,0,0,0,0,0,1,0,0,0,1,0,0
RP-16,1,B,river,cold-dry,cold,dry,0,0,1,0,1,0,0,1,0,1,1,0,0,0,1,1,0,0,0,1,0,1,0
RP-16,1,B,river,cold-dry,cold,dry,0,0,1,0,1,0,0,1,1,1,1,0,0,0,0,0,0,0,0,0,0,0,0
RP-16,1,B,river,cold-dry,cold,dry,0,0,1,0,1,0,0,1,0,0,1,0,0,0,0,0,1,0,0,0,0,0,0
RP-16,1,B,river,cold-dry,cold,dry,0,1,0,0,1,0,0,1,0,1,1,0,0,0,0,0,0,0,0,0,0,0,0
RP-16,1,B,river,cold-dry,cold,dry,0,1,0,0,0,1,0,1,0,1,0,0,0,0,0,0,1,0,1,0,1,0,0
RP-16,1,B,river,cold-dry,cold,dry,0,1,0,0,1,0,1,1,0,1,1,0,0,0,1,0,0,0,0,0,0,0,0
RP-16,1,B,river,cold-dry,cold,dry,0,0,1,0,0,1,0,1,0,0,0,0,0,0,0,1,0,0,0,0,0,0,0
RP-16,1,B,river,cold-dry,cold,dry,0,1,0,1,0,0,0,0,0,1,1,0,0,0,0,0,1,0,0,0,0,0,0
RP-16,1,B,river,cold-dry,cold,dry,0,1,0,0,0,1,0,1,1,0,1,0,0,0,0,0,1,0,0,0,0,0,0
RP-16,1,B,river,cold-dry,cold,dry,1,0,0,1,0,0,0,0,0,1,1,0,0,0,0,0,1,0,0,0,1,0,0
RP-16,1,B,river,cold-dry,cold,dry,0,1,0,0,1,0,0,1,0,1,0,0,0,0,0,0,0,0,1,0,0,0,1
RP-16,1,B,river,cold-dry,cold,dry,0,0,1,0,0,1,0,0,0,1,1,0,0,0,0,0,0,0,1,0,0,0,0
RP-16,1,B,river,cold-dry,cold,dry,0,1,0,1,0,0,0,0,0,1,1,0,0,0,1,0,0,0,0,0,1,0,0
RP-16,1,B,river,cold-dry,cold,dry,0,0,1,0,1,0,0,1,0,0,1,0,0,0,1,0,1,0,0,0,0,0,0
RP-16,1,B,river,cold-dry,cold,dry,0,1,0,1,0,0,0,0,0,1,0,0,0,0,0,1,0,0,1,0,1,0,0
RP-16,1,B,river,cold-dry,cold,dry,0,0,1,0,0,1,0,0,0,1,1,0,0,1,0,0,1,1,0,1,0,0,0
RP-16,1,B,river,cold-dry,cold,dry,0,0,1,0,1,0,0,1,0,0,0,0,0,0,0,1,0,0,0,0,0,1,0
RP-16,1,B,river,cold-dry,cold,dry,0,0,1,0,1,0,0,0,1,0,1,0,0,0,0,0,1,0,0,0,0,0,0
RP-16,1,B,river,cold-dry,cold,dry,0,1,0,0,1,0,0,1,0,1,1,0,0,0,0,1,0,1,0,0,0,0,0
RP-16,1,B,river,cold-dry,cold,dry,0,0,1,0,1,0,0,0,0,1,1,0,0,0,0,0,0,0,0,0,0,0,0
RP-16,1,B,river,cold-dry,cold,dry,0,1,0,0,0,1,0,1,0,1,0,0,0,1,0,0,1,0,1,0,1,0,0
RP-16,1,B,river,cold-dry,cold,dry,0,1,0,0,1,0,0,1,0,1,0,0,0,0,0,0,1,0,1,0,0,0,0
RP-16,1,B,river,cold-dry,cold,dry,0,1,0,0,1,0,0,1,0,1,1,0,0,0,0,0,1,0,0,0,0,0,1
RP-16,1,B,river,cold-dry,cold,dry,0,1,0,0,1,0,0,1,0,1,1,0,0,1,0,1,0,0,0,1,1,0,0
RP-16,1,B,river,cold-dry,cold,dry,0,0,1,0,1,0,0,1,1,0,0,0,0,0,1,1,0,0,0,0,0,0,0
RP-16,6,A,river,cold-dry,cold,dry,0,1,0,0,1,0,0,0,0,1,1,0,0,0,0,0,1,0,0,0,1,0,0
RP-16,6,A,river,cold-dry,cold,dry,0,0,1,0,1,0,0,1,0,1,0,0,0,0,0,0,1,1,0,0,0,0,0
RP-16,6,A,river,cold-dry,cold,dry,0,0,1,0,0,1,0,0,1,1,1,0,0,0,0,0,1,0,1,0,0,0,0
RP-16,6,A,river,cold-dry,cold,dry,0,0,1,0,1,0,0,0,0,1,1,0,0,0,0,1,1,0,0,1,0,0,0
RP-16,6,A,river,cold-dry,cold,dry,0,1,0,0,0,1,0,1,0,1,0,0,0,0,0,0,0,0,0,0,0,0,0
RP-16,6,A,river,cold-dry,cold,dry,0,0,1,0,0,1,0,1,1,1,1,0,0,0,0,0,1,0,1,0,0,0,0
RP-16,6,A,river,cold-dry,cold,dry,0,0,1,0,1,0,0,1,0,1,1,0,0,0,0,1,1,1,0,0,0,0,0
RP-16,6,A,river,cold-dry,cold,dry,0,1,0,1,0,0,0,1,1,0,1,0,0,0,0,0,0,1,0,0,1,0,0
RP-16,6,A,river,cold-dry,cold,dry,0,1,0,0,0,1,0,1,0,0,0,1,0,0,0,1,1,0,0,1,1,0,0
RP-16,6,A,river,cold-dry,cold,dry,0,0,1,0,1,0,0,1,0,1,1,0,0,0,0,1,0,0,1,0,0,0,0
RP-16,6,A,river,cold-dry,cold,dry,0,0,1,0,1,0,0,1,0,1,0,0,0,0,0,0,1,1,0,0,0,0,0
RP-16,6,A,river,cold-dry,cold,dry,0,1,0,0,0,1,1,1,0,1,1,0,0,0,0,0,1,0,1,1,1,0,0
RP-16,6,A,river,cold-dry,cold,dry,0,0,1,0,0,1,0,0,1,0,0,0,0,0,0,1,1,0,0,0,0,0,0
RP-16,6,A,river,cold-dry,cold,dry,0,1,0,0,0,1,0,1,0,1,1,0,0,0,0,1,1,1,1,0,1,0,0
RP-16,6,A,river,cold-dry,cold,dry,0,1,0,0,0,1,0,1,0,1,0,0,0,0,0,0,0,1,1,0,1,1,0
RP-16,6,A,river,cold-dry,cold,dry,0,1,0,0,0,1,0,1,1,0,1,0,0,0,0,0,1,1,0,1,1,1,0
RP-16,6,A,river,cold-dry,cold,dry,0,1,0,0,0,1,1,1,0,1,1,0,0,0,0,1,0,0,0,0,0,0,0
RP-16,6,A,river,cold-dry,cold,dry,0,0,1,0,0,1,0,1,0,1,1,0,0,0,0,0,1,0,0,0,0,0,0
RP-16,6,A,river,cold-dry,cold,dry,0,1,0,0,1,0,0,1,0,1,1,0,0,0,0,1,0,0,0,1,0,0,0
RP-16,6,A,river,cold-dry,cold,dry,1,0,0,0,0,1,0,1,0,1,0,0,0,0,0,0,1,0,1,0,1,0,0
RP-16,6,A,river,cold-dry,cold,dry,0,0,1,0,0,1,0,1,0,0,1,0,0,0,0,1,1,0,1,0,0,0,0
RP-16,6,A,river,cold-dry,cold,dry,0,0,1,0,1,0,0,1,0,1,0,0,0,0,0,0,1,0,0,0,0,0,0
RP-16,6,A,river,cold-dry,cold,dry,0,1,0,0,0,1,0,1,1,0,1,0,0,0,0,1,0,0,0,1,0,0,0
RP-16,6,A,river,cold-dry,cold,dry,0,1,0,0,1,0,0,1,1,1,1,0,0,0,0,1,1,0,1,0,0,0,0
RP-16,6,A,river,cold-dry,cold,dry,0,1,0,0,0,1,0,1,0,1,1,0,0,0,0,1,1,0,0,0,0,0,0
IGNF,11,A,river,hot-dry,hot,dry,0,0,1,0,1,0,1,1,0,1,0,0,0,0,0,0,0,0,1,1,0,0,0
IGNF,11,A,river,hot-dry,hot,dry,0,0,1,1,0,0,0,0,0,1,0,0,0,0,0,0,1,0,1,0,0,0,0
IGNF,11,A,river,hot-dry,hot,dry,0,0,1,0,0,1,1,1,0,0,1,0,0,0,0,0,0,0,0,1,0,1,0
IGNF,11,A,river,hot-dry,hot,dry,0,0,1,0,1,0,0,1,0,1,1,0,0,0,1,0,0,1,0,1,0,1,0
IGNF,11,A,river,hot-dry,hot,dry,0,0,1,0,1,0,1,1,0,1,1,0,0,0,0,1,0,0,0,0,0,1,0
IGNF,11,A,river,hot-dry,hot,dry,0,1,0,0,1,0,0,1,1,1,1,0,1,0,0,0,1,0,0,1,1,0,1
IGNF,11,A,river,hot-dry,hot,dry,0,0,1,1,0,0,0,1,0,0,1,0,0,0,1,1,0,1,0,1,1,0,0
IGNF,11,A,river,hot-dry,hot,dry,0,0,1,0,1,0,0,1,0,1,1,0,0,0,0,0,1,0,0,0,0,0,0
IGNF,11,A,river,hot-dry,hot,dry,0,1,0,1,0,0,0,1,0,0,1,0,0,0,1,0,0,0,1,0,1,0,0
IGNF,11,A,river,hot-dry,hot,dry,0,0,1,0,1,0,0,0,0,1,1,0,0,0,0,0,1,0,1,0,0,0,0
IGNF,11,A,river,hot-dry,hot,dry,0,0,1,0,1,0,0,1,0,1,1,0,0,0,0,0,0,0,1,0,0,0,0
IGNF,11,A,river,hot-dry,hot,dry,0,1,0,0,1,0,1,1,0,1,1,0,0,0,0,0,0,0,0,0,1,1,0
IGNF,11,A,river,hot-dry,hot,dry,0,0,1,0,1,0,1,1,0,0,0,0,0,0,0,0,0,1,0,0,0,0,0
IGNF,11,A,river,hot-dry,hot,dry,0,0,1,0,1,0,0,1,0,1,1,0,0,0,1,0,0,0,1,0,0,0,0
IGNF,11,A,river,hot-dry,hot,dry,0,1,0,0,1,0,1,1,0,0,1,0,0,0,0,0,0,0,0,0,1,0,1
IGNF,11,A,river,hot-dry,hot,dry,0,0,1,0,1,0,0,1,0,0,1,0,0,0,0,0,1,0,0,1,0,0,0
IGNF,11,A,river,hot-dry,hot,dry,0,0,1,0,1,0,1,1,0,1,1,0,0,0,0,1,0,0,0,1,0,0,1
IGNF,11,A,river,hot-dry,hot,dry,0,0,1,0,1,0,0,0,0,1,1,0,0,0,0,1,0,1,0,0,0,0,0
IGNF,11,A,river,hot-dry,hot,dry,0,0,1,0,1,0,1,1,0,1,0,0,0,0,0,1,1,0,1,1,0,0,0
IGNF,11,A,river,hot-dry,hot,dry,0,1,0,0,1,0,0,1,0,0,0,0,0,0,0,0,1,0,0,0,0,1,1
IGNF,11,A,river,hot-dry,hot,dry,0,0,1,0,0,1,0,1,0,1,0,0,0,0,0,0,1,0,0,0,1,0,0
IGNF,11,A,river,hot-dry,hot,dry,0,0,1,1,0,0,0,0,0,1,0,0,0,0,1,0,1,0,0,1,0,0,1
IGNF,11,A,river,hot-dry,hot,dry,0,0,1,0,1,0,0,1,0,1,1,0,0,0,0,1,0,0,1,1,0,0,0
IGNF,11,A,river,hot-dry,hot,dry,0,0,1,0,1,0,0,1,0,1,0,0,0,0,0,0,0,1,1,1,0,0,0
IGNF,11,A,river,hot-dry,hot,dry,0,1,0,0,1,0,1,1,0,0,1,0,0,0,0,1,0,0,0,0,1,0,0
RP-16,8,B,river,cold-dry,cold,dry,0,1,0,0,1,0,0,1,1,1,1,0,0,0,0,0,1,0,0,1,0,0,0
RP-16,8,B,river,cold-dry,cold,dry,0,0,1,0,1,0,0,0,1,1,0,0,0,0,0,1,1,0,0,0,0,0,0
RP-16,8,B,river,cold-dry,cold,dry,0,1,0,0,1,0,0,1,0,0,1,0,0,0,0,0,1,0,0,0,1,0,0
RP-16,8,B,river,cold-dry,cold,dry,0,0,1,0,0,1,0,1,0,0,0,0,0,0,0,1,0,1,0,0,0,0,0
RP-16,8,B,river,cold-dry,cold,dry,0,0,1,0,0,1,1,1,0,1,0,0,0,0,0,0,1,0,0,1,0,1,0
RP-16,8,B,river,cold-dry,cold,dry,0,1,0,0,1,0,1,1,0,1,1,0,0,0,0,0,1,0,0,1,1,0,0
RP-16,8,B,river,cold-dry,cold,dry,0,0,1,0,0,1,0,0,0,1,1,0,0,0,1,0,0,1,1,1,0,0,0
RP-16,8,B,river,cold-dry,cold,dry,0,1,0,0,1,0,1,1,0,0,1,0,0,0,0,0,1,0,0,0,1,0,0
RP-16,8,B,river,cold-dry,cold,dry,0,0,1,0,0,1,0,0,0,1,1,0,0,0,0,0,1,0,1,0,0,0,0
RP-16,8,B,river,cold-dry,cold,dry,0,0,1,0,0,1,0,1,0,1,1,0,0,0,0,0,0,0,0,0,0,0,0
RP-16,8,B,river,cold-dry,cold,dry,0,1,0,0,0,1,1,1,0,0,1,0,0,0,0,1,1,0,1,0,1,0,0
RP-16,8,B,river,cold-dry,cold,dry,0,0,1,0,0,1,1,0,1,1,1,0,0,0,0,0,1,1,1,0,0,0,0
RP-16,8,B,river,cold-dry,cold,dry,0,0,1,0,0,1,1,1,0,1,1,0,0,0,0,1,0,0,0,0,0,0,0
RP-16,8,B,river,cold-dry,cold,dry,1,0,0,0,0,1,1,1,0,1,0,0,0,0,0,0,1,0,0,0,1,0,0
RP-16,8,B,river,cold-dry,cold,dry,0,1,0,0,0,1,0,1,1,1,1,0,0,0,0,1,0,0,0,0,0,0,0
RP-16,8,B,river,cold-dry,cold,dry,0,0,1,0,1,0,0,1,0,1,1,0,0,0,0,0,1,0,1,0,0,0,0
RP-16,8,B,river,cold-dry,cold,dry,0,1,0,0,1,0,0,1,1,1,1,0,0,0,0,0,1,0,0,0,1,0,0
RP-16,8,B,river,cold-dry,cold,dry,0,0,1,0,1,0,0,0,0,1,1,0,0,0,0,0,0,0,0,0,0,0,0
RP-16,8,B,river,cold-dry,cold,dry,0,1,0,0,1,0,0,1,0,0,1,0,0,0,0,0,1,0,1,0,1,0,0
RP-16,8,B,river,cold-dry,cold,dry,0,1,0,0,1,0,0,1,0,1,1,0,0,0,0,0,1,0,0,0,0,0,0
RP-16,8,B,river,cold-dry,cold,dry,0,0,1,0,0,1,0,1,1,1,1,0,0,0,0,0,0,0,0,0,0,0,0
RP-16,8,B,river,cold-dry,cold,dry,0,1,0,0,0,1,0,1,0,1,1,0,0,0,0,1,1,0,0,0,0,0,0
RP-16,8,B,river,cold-dry,cold,dry,0,0,1,0,1,0,0,0,1,1,1,0,0,0,0,0,1,0,0,0,0,0,0
RP-16,8,B,river,cold-dry,cold,dry,0,1,0,0,1,0,1,1,0,1,1,0,0,0,0,1,1,0,0,1,1,0,0
RP-16,8,B,river,cold-dry,cold,dry,0,1,0,0,1,0,0,1,0,1,1,0,0,0,0,1,1,0,1,0,1,0,0
NOR,1,A,river,cold-wet,cold,wet,0,0,1,0,0,1,0,0,0,1,1,0,0,0,0,0,1,0,0,1,0,0,0
NOR,1,A,river,cold-wet,cold,wet,0,1,0,0,1,0,1,1,0,0,1,0,0,0,0,1,1,0,1,1,1,0,0
NOR,1,A,river,cold-wet,cold,wet,0,1,0,0,0,1,1,1,0,1,0,0,0,0,1,0,1,0,0,0,0,1,0
NOR,1,A,river,cold-wet,cold,wet,0,0,1,0,1,0,0,1,0,1,0,0,0,0,0,1,1,0,0,1,0,0,0
NOR,1,A,river,cold-wet,cold,wet,0,0,1,0,0,1,0,1,0,1,1,0,0,0,0,0,0,0,1,0,0,0,0
NOR,1,A,river,cold-wet,cold,wet,0,1,0,0,1,0,0,1,0,1,0,0,0,0,0,0,0,0,0,1,0,0,0
NOR,1,A,river,cold-wet,cold,wet,0,1,0,0,0,1,1,1,0,1,1,0,0,0,0,0,0,0,0,0,1,0,0
NOR,1,A,river,cold-wet,cold,wet,0,1,0,0,1,0,0,1,0,1,0,0,0,0,0,1,1,0,1,0,1,0,0
NOR,1,A,river,cold-wet,cold,wet,0,0,1,0,1,0,1,0,0,0,1,0,0,0,1,1,0,0,0,0,0,0,0
NOR,1,A,river,cold-wet,cold,wet,0,1,0,0,1,0,0,1,1,1,0,0,0,0,0,1,1,0,0,0,1,0,0
NOR,1,A,river,cold-wet,cold,wet,0,1,0,0,0,1,0,1,0,0,0,0,0,0,0,1,1,0,0,0,0,0,0
NOR,1,A,river,cold-wet,cold,wet,0,1,0,0,0,1,0,1,0,1,1,0,0,0,0,1,0,0,1,1,1,0,0
NOR,1,A,river,cold-wet,cold,wet,0,1,0,0,0,1,1,0,0,1,1,0,0,0,1,0,1,0,0,0,0,0,0
NOR,1,A,river,cold-wet,cold,wet,0,0,1,0,1,0,1,0,0,1,1,0,0,0,0,0,0,0,1,0,1,0,0
NOR,1,A,river,cold-wet,cold,wet,0,0,1,0,1,0,1,0,0,1,1,0,0,0,0,0,1,0,0,1,1,1,0
NOR,1,A,river,cold-wet,cold,wet,0,0,1,0,1,0,0,1,0,0,1,0,0,0,1,0,1,0,0,1,0,0,1
NOR,1,A,river,cold-wet,cold,wet,0,1,0,0,0,1,0,1,0,0,0,0,0,0,0,0,1,0,0,0,1,0,0
NOR,1,A,river,cold-wet,cold,wet,0,1,0,0,0,1,0,1,0,1,1,0,0,0,0,0,1,0,0,1,1,0,0
NOR,1,A,river,cold-wet,cold,wet,0,0,1,0,0,1,0,1,0,1,1,0,0,0,0,1,0,0,1,1,0,0,0
NOR,1,A,river,cold-wet,cold,wet,0,1,0,0,1,0,1,1,0,1,0,0,0,0,0,0,1,0,1,0,1,0,0
NOR,1,A,river,cold-wet,cold,wet,0,1,0,0,0,1,1,0,0,1,1,0,0,0,0,0,1,0,0,0,0,0,0
NOR,1,A,river,cold-wet,cold,wet,0,1,0,0,0,1,0,1,0,1,1,0,0,0,0,0,1,0,0,1,0,0,0
NOR,1,A,river,cold-wet,cold,wet,0,0,1,0,1,0,0,1,0,0,0,0,0,0,1,1,1,0,0,0,0,0,0
NOR,1,A,river,cold-wet,cold,wet,0,0,1,0,1,0,1,1,0,1,1,0,0,0,0,0,0,0,0,0,0,0,0
NOR,1,A,river,cold-wet,cold,wet,0,1,0,0,1,0,1,1,0,1,1,0,0,0,0,1,1,0,0,1,1,1,0
RP-16,5,A,river,cold-dry,cold,dry,1,0,0,0,1,0,0,1,0,0,1,0,0,0,0,1,1,0,0,0,1,0,0
RP-16,5,A,river,cold-dry,cold,dry,0,1,0,0,1,0,0,1,1,1,0,0,0,0,0,0,1,0,1,0,0,0,0
RP-16,5,A,river,cold-dry,cold,dry,0,1,0,0,1,0,0,1,0,1,1,0,0,0,0,0,1,0,1,0,1,0,0
RP-16,5,A,river,cold-dry,cold,dry,0,0,1,0,0,1,0,1,0,1,1,0,0,0,0,1,1,1,0,0,0,0,0
RP-16,5,A,river,cold-dry,cold,dry,1,0,0,0,1,0,1,0,0,1,1,0,0,0,0,0,1,0,0,0,0,0,0
RP-16,5,A,river,cold-dry,cold,dry,0,1,0,0,1,0,0,0,1,1,0,0,0,0,0,0,1,0,0,0,0,0,0
RP-16,5,A,river,cold-dry,cold,dry,0,0,1,0,1,0,0,1,0,0,1,0,0,0,0,0,1,0,0,0,0,0,0
RP-16,5,A,river,cold-dry,cold,dry,0,1,0,0,0,1,0,1,0,1,0,0,0,0,0,1,1,0,0,0,1,0,0
RP-16,5,A,river,cold-dry,cold,dry,0,1,0,0,1,0,0,1,0,1,1,0,0,0,0,1,0,0,0,0,0,0,0
RP-16,5,A,river,cold-dry,cold,dry,0,0,1,0,0,1,0,1,1,1,1,0,0,0,0,1,0,0,0,0,0,0,0
RP-16,5,A,river,cold-dry,cold,dry,0,0,1,0,1,0,0,1,0,0,0,0,0,0,0,1,0,1,1,1,0,1,0
RP-16,5,A,river,cold-dry,cold,dry,0,1,0,0,1,0,0,1,0,1,1,0,0,0,0,1,0,0,0,0,0,0,0
RP-16,5,A,river,cold-dry,cold,dry,0,0,1,0,0,1,0,0,0,0,1,0,0,0,0,1,1,0,0,0,0,1,0
RP-16,5,A,river,cold-dry,cold,dry,0,0,1,0,0,1,0,1,0,0,1,0,0,0,0,0,0,0,0,1,1,0,0
RP-16,5,A,river,cold-dry,cold,dry,0,0,1,0,0,1,0,1,1,1,1,0,0,0,0,1,1,0,0,0,0,0,0
RP-16,5,A,river,cold-dry,cold,dry,0,0,1,0,1,0,0,0,0,1,0,0,0,0,0,1,1,0,0,0,0,0,0
RP-16,5,A,river,cold-dry,cold,dry,0,1,0,0,0,1,0,1,0,1,1,0,0,0,0,0,1,0,1,1,0,0,0
RP-16,5,A,river,cold-dry,cold,dry,0,0,1,0,0,1,0,1,1,0,1,0,0,0,0,0,0,1,0,0,0,0,0
RP-16,5,A,river,cold-dry,cold,dry,0,1,0,0,0,1,0,1,0,0,1,0,0,0,0,1,1,0,0,0,0,0,0
RP-16,5,A,river,cold-dry,cold,dry,0,1,0,0,1,0,0,1,0,1,1,0,0,0,0,1,1,0,0,1,1,0,0
RP-16,5,A,river,cold-dry,cold,dry,0,0,1,0,0,1,0,1,1,1,0,0,0,0,0,0,1,0,1,0,0,0,0
RP-16,5,A,river,cold-dry,cold,dry,0,1,0,0,1,0,0,0,1,1,1,0,1,0,0,0,1,0,0,0,0,1,0
RP-16,5,A,river,cold-dry,cold,dry,0,1,0,0,1,0,0,1,0,1,1,0,0,0,0,1,0,0,1,0,0,0,0
RP-16,5,A,river,cold-dry,cold,dry,0,0,1,0,0,1,0,0,0,1,1,0,0,0,0,1,1,1,0,0,0,0,0
RP-16,5,A,river,cold-dry,cold,dry,0,1,0,0,1,0,0,0,0,1,1,0,0,0,0,0,1,0,1,0,1,0,0
RG,6,A,river,hot-wet,hot,wet,0,0,1,0,1,0,0,1,0,0,0,0,0,0,0,0,0,0,0,1,0,0,0
RG,6,A,river,hot-wet,hot,wet,0,0,1,0,0,1,1,1,0,1,0,0,0,0,0,0,0,0,0,0,0,0,0
RG,6,A,river,hot-wet,hot,wet,0,1,0,0,1,0,0,1,0,1,1,0,0,0,0,0,0,0,1,1,1,0,1
RG,6,A,river,hot-wet,hot,wet,0,1,0,0,1,0,1,1,0,1,1,0,0,0,1,1,1,0,1,0,1,0,0
RG,6,A,river,hot-wet,hot,wet,0,0,1,0,0,1,0,1,0,1,1,0,0,0,0,1,0,0,0,0,0,1,0
RG,6,A,river,hot-wet,hot,wet,0,0,1,0,1,0,0,1,0,0,0,0,0,0,0,1,1,0,1,0,0,0,0
RG,6,A,river,hot-wet,hot,wet,0,1,0,0,1,0,0,1,0,1,0,0,0,0,0,1,1,0,0,0,1,0,0
RG,6,A,river,hot-wet,hot,wet,0,0,1,0,0,1,1,1,0,1,0,0,0,0,0,0,0,0,0,1,0,1,0
RG,6,A,river,hot-wet,hot,wet,0,0,1,0,0,1,1,1,0,0,0,0,0,0,0,0,1,0,0,0,0,0,0
RG,6,A,river,hot-wet,hot,wet,0,1,0,0,1,0,1,0,0,1,1,0,0,0,1,1,0,1,0,0,1,0,0
RG,6,A,river,hot-wet,hot,wet,0,0,1,0,1,0,0,1,0,0,0,0,0,0,0,0,0,1,0,0,0,0,0
RG,6,A,river,hot-wet,hot,wet,0,0,1,0,1,0,0,1,0,1,1,0,0,0,0,1,0,0,0,1,0,0,1
RG,6,A,river,hot-wet,hot,wet,0,0,1,0,0,1,0,1,0,1,0,0,0,0,0,0,1,0,0,0,0,0,0
RG,6,A,river,hot-wet,hot,wet,0,0,1,0,1,0,0,0,0,1,1,0,0,0,0,1,1,0,1,0,0,0,0
RG,6,A,river,hot-wet,hot,wet,0,1,0,0,1,0,1,1,0,1,1,0,0,0,0,0,0,0,1,0,0,0,0
RG,6,A,river,hot-wet,hot,wet,0,1,0,0,1,0,1,1,0,1,1,0,0,0,0,0,0,0,0,0,1,0,0
RG,6,A,river,hot-wet,hot,wet,0,0,1,0,0,1,1,1,0,0,0,0,0,0,0,1,1,0,1,0,0,0,0
RG,6,A,river,hot-wet,hot,wet,0,0,1,0,1,0,0,1,0,0,0,0,0,0,1,1,1,1,0,0,0,0,0
RG,6,A,river,hot-wet,hot,wet,0,1,0,0,0,1,1,1,0,1,0,0,0,0,0,0,1,0,1,0,0,0,0
RG,6,A,river,hot-wet,hot,wet,0,1,0,0,1,0,0,1,0,1,1,0,0,0,1,0,1,0,0,0,1,0,0
RG,6,A,river,hot-wet,hot,wet,0,0,1,0,0,1,0,1,0,0,1,0,0,0,0,0,0,0,1,1,0,0,0
RG,6,A,river,hot-wet,hot,wet,0,0,1,0,1,0,0,1,0,0,1,0,0,0,0,1,1,1,0,1,0,1,0
RG,6,A,river,hot-wet,hot,wet,0,0,1,0,0,1,1,1,0,0,1,0,0,0,0,1,1,0,0,1,0,1,0
RG,6,A,river,hot-wet,hot,wet,0,0,1,0,0,1,1,1,1,1,1,0,0,0,0,0,1,0,1,1,0,0,1
RG,6,A,river,hot-wet,hot,wet,0,1,0,0,0,1,0,1,0,1,1,0,0,0,0,0,1,0,0,0,0,0,0
RG,13,B,river,hot-wet,hot,wet,0,0,1,0,0,1,1,1,0,1,1,0,0,0,0,0,1,0,0,0,0,1,0
RG,13,B,river,hot-wet,hot,wet,0,0,1,0,0,1,1,1,0,1,1,0,0,0,1,1,1,0,0,0,0,0,0
RG,13,B,river,hot-wet,hot,wet,0,1,0,0,1,0,1,0,0,0,1,0,0,0,1,0,0,0,0,0,1,0,0
RG,13,B,river,hot-wet,hot,wet,0,1,0,0,0,1,1,1,0,1,1,0,1,0,0,1,0,0,0,0,0,0,0
RG,13,B,river,hot-wet,hot,wet,0,0,1,0,1,0,1,1,0,1,0,0,0,0,0,1,0,0,0,1,0,0,0
RG,13,B,river,hot-wet,hot,wet,0,1,0,0,1,0,1,1,0,1,1,0,0,0,0,0,1,0,0,0,1,0,0
RG,13,B,river,hot-wet,hot,wet,0,1,0,0,1,0,0,1,0,0,1,0,0,0,0,1,0,0,1,0,1,0,0
RG,13,B,river,hot-wet,hot,wet,0,0,1,0,0,1,1,1,0,1,1,0,0,0,0,0,0,0,0,0,1,0,1
RG,13,B,river,hot-wet,hot,wet,0,1,0,0,1,0,0,1,0,0,1,0,0,0,1,1,1,0,0,0,0,0,0
RG,13,B,river,hot-wet,hot,wet,0,0,1,0,0,1,1,1,0,0,1,0,0,0,0,1,0,0,1,0,0,0,0
RG,13,B,river,hot-wet,hot,wet,0,1,0,0,0,1,1,1,0,0,1,0,0,0,1,1,0,0,0,0,1,0,0
RG,13,B,river,hot-wet,hot,wet,0,0,1,0,0,1,1,1,0,1,1,0,0,0,0,1,1,0,1,0,1,0,0
RG,13,B,river,hot-wet,hot,wet,0,0,1,0,0,1,1,1,0,1,1,0,0,0,0,0,1,0,0,0,0,0,0
RG,13,B,river,hot-wet,hot,wet,0,0,1,0,0,1,1,1,0,0,1,0,0,0,0,1,1,0,0,0,0,0,0
RG,13,B,river,hot-wet,hot,wet,0,0,1,0,0,1,1,0,0,1,1,0,0,0,0,0,0,0,0,0,0,0,0
RG,13,B,river,hot-wet,hot,wet,0,0,1,0,1,0,1,1,0,0,1,0,0,0,0,1,0,0,0,0,0,0,0
RG,13,B,river,hot-wet,hot,wet,0,1,0,0,0,1,1,1,0,0,0,0,0,0,0,0,0,0,0,1,1,1,0
RG,13,B,river,hot-wet,hot,wet,0,1,0,0,1,0,1,1,0,1,1,0,0,0,0,0,0,0,0,1,0,0,1
RG,13,B,river,hot-wet,hot,wet,0,0,1,0,1,0,1,0,0,0,0,0,0,0,0,0,1,0,1,0,1,0,0
RG,13,B,river,hot-wet,hot,wet,0,0,1,0,0,1,1,1,0,1,0,0,0,0,0,0,1,0,0,1,0,0,0
RG,13,B,river,hot-wet,hot,wet,0,0,1,0,1,0,0,1,0,1,1,0,0,0,0,1,0,0,0,0,0,0,0
RG,13,B,river,hot-wet,hot,wet,0,1,0,0,1,0,0,1,0,1,1,0,0,0,1,1,1,0,0,1,0,0,0
RG,13,B,river,hot-wet,hot,wet,0,0,1,0,1,0,0,1,0,0,1,0,0,0,0,1,1,1,1,0,0,0,0
RG,13,B,river,hot-wet,hot,wet,0,1,0,0,1,0,1,1,0,0,1,0,0,0,0,1,0,0,0,0,1,0,0
RG,13,B,river,hot-wet,hot,wet,0,0,1,0,0,1,1,1,0,1,1,1,0,0,0,0,0,0,0,0,0,0,0
AUS-Drift,1,B,moraine,cold-wet-glacial,cold,wet,0,1,0,0,1,0,1,1,0,1,0,0,0,0,0,1,1,0,0,0,0,0,0
AUS-Drift,1,B,moraine,cold-wet-glacial,cold,wet,0,1,0,0,1,0,0,1,0,1,1,0,0,0,0,1,1,0,0,0,0,0,0
AUS-Drift,1,B,moraine,cold-wet-glacial,cold,wet,0,1,0,0,1,0,0,1,0,1,1,0,0,0,0,1,0,0,0,0,1,0,0
AUS-Drift,1,B,moraine,cold-wet-glacial,cold,wet,0,0,1,0,1,0,0,1,1,1,1,0,0,0,0,1,1,0,0,0,0,0,0
AUS-Drift,1,B,moraine,cold-wet-glacial,cold,wet,0,1,0,0,1,0,0,0,0,1,1,0,0,0,0,0,0,0,1,0,0,0,0
AUS-Drift,1,B,moraine,cold-wet-glacial,cold,wet,0,0,1,0,0,1,0,0,0,1,1,0,0,1,0,0,1,0,0,0,0,0,0
AUS-Drift,1,B,moraine,cold-wet-glacial,cold,wet,0,0,1,0,1,0,0,1,0,0,1,0,0,0,0,1,1,1,0,0,0,0,0
AUS-Drift,1,B,moraine,cold-wet-glacial,cold,wet,0,1,0,0,0,1,0,1,0,1,0,1,0,0,0,0,1,0,0,0,0,0,0
AUS-Drift,1,B,moraine,cold-wet-glacial,cold,wet,0,1,0,0,0,1,0,0,0,1,0,0,0,0,0,1,0,0,1,0,0,0,0
AUS-Drift,1,B,moraine,cold-wet-glacial,cold,wet,0,0,1,0,0,1,0,1,1,0,0,0,0,0,0,1,0,0,0,0,0,0,0
AUS-Drift,1,B,moraine,cold-wet-glacial,cold,wet,0,1,0,0,1,0,0,0,0,1,0,0,0,0,0,0,1,0,0,0,1,0,0
AUS-Drift,1,B,moraine,cold-wet-glacial,cold,wet,0,1,0,1,0,0,0,1,1,1,0,0,0,0,0,0,1,0,1,0,0,1,0
AUS-Drift,1,B,moraine,cold-wet-glacial,cold,wet,0,0,1,1,0,0,0,1,1,1,1,0,0,0,0,0,0,0,0,0,0,0,0
AUS-Drift,1,B,moraine,cold-wet-glacial,cold,wet,0,1,0,0,1,0,0,1,0,0,1,0,0,0,0,1,1,0,0,0,0,0,0
AUS-Drift,1,B,moraine,cold-wet-glacial,cold,wet,0,0,1,0,0,1,1,1,0,0,0,0,0,0,0,1,0,1,0,0,0,0,0
AUS-Drift,1,B,moraine,cold-wet-glacial,cold,wet,0,0,1,0,0,1,0,1,1,1,1,0,0,0,0,0,1,0,0,0,0,0,0
AUS-Drift,1,B,moraine,cold-wet-glacial,cold,wet,0,1,0,0,0,1,1,1,0,1,0,1,0,0,0,1,1,1,0,0,0,0,0
AUS-Drift,1,B,moraine,cold-wet-glacial,cold,wet,0,0,1,0,1,0,0,1,0,1,1,0,0,0,0,1,1,0,0,0,0,0,0
AUS-Drift,1,B,moraine,cold-wet-glacial,cold,wet,0,0,1,0,1,0,1,1,0,1,1,0,0,0,0,0,1,1,1,0,0,0,0
AUS-Drift,1,B,moraine,cold-wet-glacial,cold,wet,0,1,0,0,1,0,0,1,0,1,0,0,0,0,0,1,1,0,0,0,0,0,0
AUS-Drift,1,B,moraine,cold-wet-glacial,cold,wet,0,0,1,0,0,1,1,1,0,1,1,0,0,0,0,1,1,0,0,0,0,0,0
AUS-Drift,1,B,moraine,cold-wet-glacial,cold,wet,0,1,0,0,0,1,0,1,0,1,0,0,0,0,1,1,1,0,0,0,1,0,0
AUS-Drift,1,B,moraine,cold-wet-glacial,cold,wet,0,0,1,0,1,0,0,1,0,1,1,0,0,0,0,1,1,0,1,0,0,0,0
AUS-Drift,1,B,moraine,cold-wet-glacial,cold,wet,0,0,1,0,1,0,0,1,0,1,1,0,0,0,0,0,0,1,0,1,0,0,0
AUS-Drift,1,B,moraine,cold-wet-glacial,cold,wet,0,0,1,0,0,1,1,1,0,1,1,0,0,0,0,0,1,0,1,0,0,0,0
NOR,4,A,river,cold-wet,cold,wet,0,1,0,0,1,0,0,1,0,0,0,0,0,0,0,0,0,0,1,0,1,1,0
NOR,4,A,river,cold-wet,cold,wet,0,0,1,0,0,1,0,1,0,0,1,0,0,0,0,0,1,0,1,0,0,0,0
NOR,4,A,river,cold-wet,cold,wet,0,1,0,0,0,1,0,1,0,1,1,0,0,0,0,1,0,0,0,1,1,1,0
NOR,4,A,river,cold-wet,cold,wet,0,1,0,0,1,0,0,1,0,1,1,0,0,0,0,0,0,0,0,0,1,0,0
NOR,4,A,river,cold-wet,cold,wet,0,0,1,0,0,1,1,1,1,1,1,0,0,0,0,0,1,0,1,1,0,0,1
NOR,4,A,river,cold-wet,cold,wet,0,0,1,0,0,1,1,1,0,1,1,0,0,0,0,1,1,1,1,0,1,1,0
NOR,4,A,river,cold-wet,cold,wet,0,1,0,0,0,1,0,1,0,0,1,0,0,0,1,1,1,0,0,1,0,0,0
NOR,4,A,river,cold-wet,cold,wet,0,0,1,0,1,0,0,1,0,0,1,0,0,0,0,0,1,0,0,1,0,0,0
NOR,4,A,river,cold-wet,cold,wet,0,1,0,0,0,1,1,1,0,1,1,0,0,0,0,0,0,0,0,0,0,0,0
NOR,4,A,river,cold-wet,cold,wet,0,0,1,0,0,1,0,1,0,1,1,0,0,0,0,0,1,1,0,0,0,0,0
NOR,4,A,river,cold-wet,cold,wet,0,0,1,0,1,0,0,1,0,0,1,0,0,0,0,1,1,0,1,0,0,0,0
NOR,4,A,river,cold-wet,cold,wet,0,1,0,0,1,0,1,1,0,1,1,0,0,0,0,0,1,0,0,0,0,0,0
NOR,4,A,river,cold-wet,cold,wet,0,0,1,0,0,1,1,1,0,1,0,0,0,0,0,1,0,0,1,1,0,0,0
NOR,4,A,river,cold-wet,cold,wet,0,1,0,0,1,0,1,1,0,1,1,0,0,0,0,0,1,0,0,1,1,0,0
NOR,4,A,river,cold-wet,cold,wet,0,1,0,0,0,1,0,1,0,1,0,0,0,0,0,0,0,0,1,0,1,1,0
NOR,4,A,river,cold-wet,cold,wet,0,0,1,0,1,0,0,1,0,1,1,0,0,0,0,0,1,0,0,0,0,0,0
NOR,4,A,river,cold-wet,cold,wet,0,1,0,0,0,1,0,1,0,0,1,0,0,0,0,0,1,0,0,1,0,0,1
NOR,4,A,river,cold-wet,cold,wet,0,0,1,0,0,1,0,1,0,0,1,0,0,0,0,1,1,0,0,0,0,0,0
NOR,4,A,river,cold-wet,cold,wet,0,1,0,0,1,0,0,1,0,0,0,0,0,0,0,1,1,0,1,0,0,0,0
NOR,4,A,river,cold-wet,cold,wet,0,1,0,0,0,1,1,1,0,1,1,0,0,0,0,0,1,0,0,0,1,0,0
NOR,4,A,river,cold-wet,cold,wet,0,1,0,0,1,0,0,0,0,1,1,0,1,0,0,0,0,0,0,0,0,0,1
NOR,4,A,river,cold-wet,cold,wet,0,1,0,0,0,1,0,1,0,0,0,0,0,0,0,0,1,0,0,0,1,0,0
NOR,4,A,river,cold-wet,cold,wet,0,1,0,0,1,0,0,1,0,1,1,0,0,0,0,1,1,0,0,1,0,0,0
NOR,4,A,river,cold-wet,cold,wet,0,0,1,0,1,0,1,1,0,1,0,0,0,0,0,0,1,0,0,1,0,0,0
NOR,4,A,river,cold-wet,cold,wet,0,1,0,0,1,0,1,1,0,1,0,0,0,0,1,1,1,0,0,0,0,0,0
IGNF,1,B,river,hot-dry,hot,dry,0,1,0,0,1,0,1,1,0,1,0,0,0,0,0,1,0,0,1,1,1,0,1
IGNF,1,B,river,hot-dry,hot,dry,0,1,0,0,1,0,1,1,0,0,0,0,0,0,1,1,0,0,1,1,1,0,0
IGNF,1,B,river,hot-dry,hot,dry,0,0,1,0,0,1,0,1,0,1,1,0,0,0,0,1,1,0,1,0,0,0,0
IGNF,1,B,river,hot-dry,hot,dry,0,0,1,0,1,0,0,1,0,0,0,0,0,0,0,1,1,0,1,0,0,0,0
IGNF,1,B,river,hot-dry,hot,dry,0,1,0,0,1,0,0,1,0,0,0,0,0,0,0,1,1,0,1,0,0,0,0
IGNF,1,B,river,hot-dry,hot,dry,0,0,1,0,1,0,0,1,0,1,1,0,0,0,0,1,0,0,0,0,0,0,0
IGNF,1,B,river,hot-dry,hot,dry,0,1,0,0,1,0,1,1,0,0,0,0,0,0,1,1,0,1,1,0,1,0,0
IGNF,1,B,river,hot-dry,hot,dry,0,1,0,0,0,1,1,1,0,1,1,0,0,0,0,0,1,0,1,0,1,1,1
IGNF,1,B,river,hot-dry,hot,dry,0,0,1,0,0,1,1,1,0,1,0,0,0,0,0,0,0,0,0,0,0,0,0
IGNF,1,B,river,hot-dry,hot,dry,0,0,1,0,0,1,0,1,0,0,1,0,0,0,0,1,0,1,1,0,0,0,0
IGNF,1,B,river,hot-dry,hot,dry,0,1,0,0,1,0,0,1,0,1,0,0,0,0,0,1,0,0,1,1,0,0,0
IGNF,1,B,river,hot-dry,hot,dry,0,0,1,0,1,0,0,1,0,1,1,0,0,0,0,1,1,0,1,0,1,1,0
IGNF,1,B,river,hot-dry,hot,dry,0,0,1,0,0,1,0,1,0,1,1,0,0,0,0,1,1,0,1,0,0,0,0
IGNF,1,B,river,hot-dry,hot,dry,0,0,1,0,1,0,0,1,0,0,0,0,0,0,0,1,1,0,1,1,0,0,0
IGNF,1,B,river,hot-dry,hot,dry,0,0,1,0,1,0,0,1,0,1,1,0,0,0,0,0,1,1,1,0,0,0,0
IGNF,1,B,river,hot-dry,hot,dry,0,0,1,0,1,0,0,1,0,1,0,0,0,0,1,0,1,0,1,1,0,0,0
IGNF,1,B,river,hot-dry,hot,dry,0,0,1,0,1,0,1,1,0,0,1,0,0,0,0,1,0,0,0,0,0,0,0
IGNF,1,B,river,hot-dry,hot,dry,0,0,1,0,0,1,1,1,0,0,1,0,0,0,0,1,1,0,1,1,0,1,0
IGNF,1,B,river,hot-dry,hot,dry,0,1,0,0,1,0,0,1,0,0,0,0,0,0,0,0,1,0,1,1,1,0,0
IGNF,1,B,river,hot-dry,hot,dry,0,0,1,0,1,0,1,1,0,1,1,0,0,0,0,1,1,1,0,0,0,0,0
IGNF,1,B,river,hot-dry,hot,dry,0,0,1,0,0,1,0,1,0,0,0,0,0,0,0,0,1,0,1,0,0,0,0
IGNF,1,B,river,hot-dry,hot,dry,0,0,1,0,1,0,0,0,0,0,0,0,0,0,0,1,1,0,0,1,1,0,0
IGNF,1,B,river,hot-dry,hot,dry,0,0,1,0,1,0,1,0,0,0,1,0,0,0,0,1,1,0,1,0,0,1,0
IGNF,1,B,river,hot-dry,hot,dry,0,1,0,0,1,0,0,1,0,1,0,0,0,0,0,0,1,0,1,0,0,1,0
IGNF,1,B,river,hot-dry,hot,dry,0,0,1,0,1,0,1,1,0,1,0,0,0,0,0,1,1,0,1,0,0,0,0
RG,3,A,river,hot-wet,hot,wet,0,1,0,0,0,1,1,1,0,1,0,0,0,0,0,0,0,0,0,0,1,0,0
RG,3,A,river,hot-wet,hot,wet,0,0,1,0,0,1,0,1,0,0,0,0,0,0,1,0,1,0,1,0,1,0,0
RG,3,A,river,hot-wet,hot,wet,0,0,1,0,1,0,0,0,0,1,0,0,0,0,0,1,0,0,1,0,0,0,0
RG,3,A,river,hot-wet,hot,wet,0,0,1,0,1,0,1,0,0,1,1,0,0,0,0,0,0,0,0,1,0,0,0
RG,3,A,river,hot-wet,hot,wet,0,1,0,0,1,0,1,1,0,0,1,0,0,0,0,1,0,0,1,1,0,0,0
RG,3,A,river,hot-wet,hot,wet,0,1,0,0,0,1,1,0,0,0,0,0,0,0,0,0,0,0,0,0,1,0,0
RG,3,A,river,hot-wet,hot,wet,0,0,1,0,1,0,0,1,0,1,0,0,0,0,0,0,0,1,1,1,0,0,0
RG,3,A,river,hot-wet,hot,wet,0,0,1,0,1,0,1,0,0,1,1,0,0,0,1,1,1,0,1,0,0,0,0
RG,3,A,river,hot-wet,hot,wet,0,0,1,0,1,0,1,1,0,1,0,0,0,0,0,0,0,0,1,0,1,0,0
RG,3,A,river,hot-wet,hot,wet,0,0,1,0,0,1,1,1,0,0,0,0,0,0,0,0,1,0,0,0,0,1,0
RG,3,A,river,hot-wet,hot,wet,0,0,1,0,1,0,1,1,0,1,1,0,0,0,0,1,0,0,0,0,1,1,0
RG,3,A,river,hot-wet,hot,wet,0,0,1,0,0,1,0,1,0,0,0,0,0,0,0,0,0,1,0,1,1,0,0
RG,3,A,river,hot-wet,hot,wet,0,0,1,0,1,0,1,1,0,0,1,0,0,0,0,0,1,0,0,1,0,0,0
RG,3,A,river,hot-wet,hot,wet,0,1,0,0,0,1,1,1,0,0,1,0,0,0,0,0,0,0,0,0,1,0,0
RG,3,A,river,hot-wet,hot,wet,0,0,1,0,0,1,1,0,0,1,1,0,0,0,0,0,0,0,1,1,0,0,0
RG,3,A,river,hot-wet,hot,wet,0,0,1,0,1,0,1,1,0,1,1,0,0,0,0,1,1,1,1,1,0,0,0
RG,3,A,river,hot-wet,hot,wet,0,0,1,0,0,1,1,1,1,0,1,0,0,0,0,0,0,0,0,0,0,1,1
RG,3,A,river,hot-wet,hot,wet,0,0,1,0,0,1,1,1,0,1,1,0,0,0,0,0,0,1,1,0,0,0,0
RG,3,A,river,hot-wet,hot,wet,0,1,0,0,0,1,1,1,0,0,1,0,0,0,0,0,0,0,0,1,1,0,0
RG,3,A,river,hot-wet,hot,wet,0,0,1,0,1,0,1,0,0,0,1,0,0,0,0,0,1,0,0,0,0,0,0
RG,3,A,river,hot-wet,hot,wet,0,0,1,0,0,1,1,1,1,1,1,0,0,0,0,1,1,0,1,1,1,0,0
RG,3,A,river,hot-wet,hot,wet,0,0,1,0,0,1,1,1,0,0,1,0,0,0,0,0,0,0,0,0,0,0,0
RG,3,A,river,hot-wet,hot,wet,0,0,1,0,0,1,1,1,0,1,1,0,0,0,0,0,0,1,1,1,0,0,0
RG,3,A,river,hot-wet,hot,wet,0,0,1,0,1,0,1,0,0,1,1,0,0,0,1,0,1,0,0,1,1,0,0
RG,3,A,river,hot-wet,hot,wet,0,0,1,0,1,0,1,1,0,1,1,0,0,0,0,1,0,0,1,1,0,0,0
NOR,2,B,river,cold-wet,cold,wet,0,0,1,0,0,1,0,1,0,1,1,0,0,0,1,0,0,0,1,0,0,0,0
NOR,2,B,river,cold-wet,cold,wet,0,0,1,0,0,1,0,1,0,1,1,0,0,0,0,0,1,0,0,0,0,0,0
NOR,2,B,river,cold-wet,cold,wet,0,1,0,0,0,1,0,1,0,1,1,0,0,0,0,1,0,0,0,0,1,0,0
NOR,2,B,river,cold-wet,cold,wet,0,0,1,0,0,1,0,0,0,0,1,1,0,0,0,0,1,1,0,1,0,0,0
NOR,2,B,river,cold-wet,cold,wet,0,0,1,0,0,1,0,0,0,0,1,0,0,0,0,0,1,1,0,0,0,0,0
NOR,2,B,river,cold-wet,cold,wet,0,0,1,0,0,1,1,1,0,0,0,0,0,0,0,0,0,0,0,1,0,0,0
NOR,2,B,river,cold-wet,cold,wet,0,0,1,0,0,1,0,1,0,1,1,0,0,0,0,0,0,0,1,0,0,1,0
NOR,2,B,river,cold-wet,cold,wet,0,0,1,0,1,0,1,1,0,1,1,0,0,0,0,1,0,0,0,1,1,0,0
NOR,2,B,river,cold-wet,cold,wet,0,0,1,0,1,0,0,1,1,0,1,0,0,0,0,1,1,0,0,1,0,0,1
NOR,2,B,river,cold-wet,cold,wet,0,1,0,0,0,1,0,1,0,1,1,0,0,1,0,0,1,0,0,0,0,0,0
NOR,2,B,river,cold-wet,cold,wet,0,1,0,0,0,1,1,1,0,0,1,0,0,0,0,1,0,0,0,1,0,0,0
NOR,2,B,river,cold-wet,cold,wet,0,0,1,0,0,1,1,1,0,1,1,0,0,0,0,0,1,0,0,0,1,0,0
NOR,2,B,river,cold-wet,cold,wet,0,0,1,0,0,1,0,1,0,0,1,0,0,0,0,0,0,0,0,1,0,0,0
NOR,2,B,river,cold-wet,cold,wet,0,0,1,0,1,0,0,1,1,0,1,1,0,0,0,0,1,1,0,0,0,0,0
NOR,2,B,river,cold-wet,cold,wet,0,1,0,0,1,0,0,1,0,0,0,0,0,0,0,1,1,0,0,0,1,0,0
NOR,2,B,river,cold-wet,cold,wet,0,0,1,0,1,0,1,1,0,0,1,0,0,0,0,0,1,1,0,1,0,0,0
NOR,2,B,river,cold-wet,cold,wet,0,0,1,0,0,1,0,1,0,1,1,0,0,0,0,1,1,0,0,1,0,0,1
NOR,2,B,river,cold-wet,cold,wet,0,0,1,0,0,1,0,1,0,1,1,1,0,0,0,0,0,0,0,1,1,0,0
NOR,2,B,river,cold-wet,cold,wet,0,1,0,0,1,0,0,1,0,1,1,0,0,0,0,0,1,0,1,1,1,0,0
NOR,2,B,river,cold-wet,cold,wet,0,1,0,0,1,0,0,1,0,1,1,0,0,0,0,1,0,0,0,0,0,0,1
NOR,2,B,river,cold-wet,cold,wet,0,0,1,0,0,1,1,1,0,1,1,0,0,0,0,0,0,0,0,0,0,0,0
NOR,2,B,river,cold-wet,cold,wet,0,0,1,0,1,0,0,1,0,0,1,0,0,0,0,1,0,0,0,0,0,0,0
NOR,2,B,river,cold-wet,cold,wet,0,0,1,0,0,1,0,1,0,0,1,0,0,0,0,1,0,0,0,1,0,0,1
LPM,1,A,moraine,cold-dry-glacial,cold,dry,0,1,0,0,0,1,0,1,0,1,0,0,1,0,0,1,1,0,0,0,0,1,0
LPM,1,A,moraine,cold-dry-glacial,cold,dry,0,1,0,0,1,0,0,0,0,1,1,1,0,0,0,0,1,0,0,0,0,0,0
LPM,1,A,moraine,cold-dry-glacial,cold,dry,0,0,1,0,1,0,0,1,0,1,1,0,0,0,0,0,0,1,1,0,0,0,0
LPM,1,A,moraine,cold-dry-glacial,cold,dry,0,0,1,0,0,1,0,0,0,1,0,0,0,0,0,1,1,0,0,0,0,0,0
LPM,1,A,moraine,cold-dry-glacial,cold,dry,0,0,1,0,1,0,0,1,1,0,1,1,0,0,0,1,0,1,0,0,0,0,0
LPM,1,A,moraine,cold-dry-glacial,cold,dry,0,1,0,0,0,1,0,1,1,1,1,1,0,0,0,1,0,0,1,0,1,0,0
LPM,1,A,moraine,cold-dry-glacial,cold,dry,0,0,1,0,0,1,0,1,0,1,1,0,0,0,0,1,0,0,0,0,0,1,0
LPM,1,A,moraine,cold-dry-glacial,cold,dry,0,0,1,0,0,1,1,1,0,1,0,0,0,0,0,1,1,1,0,0,0,0,0
LPM,1,A,moraine,cold-dry-glacial,cold,dry,1,0,0,0,1,0,0,1,0,1,0,0,0,0,1,0,1,0,0,0,1,0,0
LPM,1,A,moraine,cold-dry-glacial,cold,dry,0,1,0,0,1,0,0,1,0,1,0,0,0,0,0,0,1,0,1,0,1,0,0
LPM,1,A,moraine,cold-dry-glacial,cold,dry,0,1,0,0,0,1,0,1,0,0,0,0,0,0,0,0,1,0,1,0,0,0,0
LPM,1,A,moraine,cold-dry-glacial,cold,dry,0,1,0,0,1,0,0,1,0,1,0,0,0,0,0,1,1,0,1,0,1,0,0
LPM,1,A,moraine,cold-dry-glacial,cold,dry,0,0,1,0,1,0,0,1,0,1,1,0,0,0,0,1,0,1,1,0,0,0,0
LPM,1,A,moraine,cold-dry-glacial,cold,dry,0,1,0,0,1,0,0,1,1,1,1,0,0,0,0,1,1,0,0,0,0,0,0
LPM,1,A,moraine,cold-dry-glacial,cold,dry,1,0,0,0,1,0,0,1,1,1,0,1,0,0,0,0,0,0,1,0,0,0,0
LPM,1,A,moraine,cold-dry-glacial,cold,dry,0,0,1,0,0,1,0,1,1,1,0,0,0,0,0,1,1,0,1,0,0,0,0
LPM,1,A,moraine,cold-dry-glacial,cold,dry,0,0,1,0,0,1,0,1,0,1,1,0,1,0,0,0,0,0,0,0,0,0,0
LPM,1,A,moraine,cold-dry-glacial,cold,dry,0,1,0,0,0,1,0,1,0,1,1,1,0,0,0,0,1,0,1,0,0,0,0
LPM,1,A,moraine,cold-dry-glacial,cold,dry,0,1,0,1,0,0,0,0,1,1,0,0,0,0,0,1,1,0,1,0,1,0,0
LPM,1,A,moraine,cold-dry-glacial,cold,dry,0,1,0,0,1,0,0,1,0,1,1,0,0,0,0,0,1,0,0,0,0,0,0
LPM,1,A,moraine,cold-dry-glacial,cold,dry,0,0,1,0,0,1,0,1,0,1,0,1,0,0,0,1,1,0,0,0,0,0,0
LPM,1,A,moraine,cold-dry-glacial,cold,dry,0,1,0,0,1,0,0,1,1,1,1,0,0,0,0,0,1,0,0,0,1,0,0
LPM,1,A,moraine,cold-dry-glacial,cold,dry,0,0,1,0,1,0,1,0,0,1,1,0,0,0,0,0,1,1,1,0,0,0,0
LPM,1,A,moraine,cold-dry-glacial,cold,dry,0,0,1,0,0,1,0,1,0,1,0,0,0,0,0,1,1,0,1,0,0,0,0
IGNF,17,A,river,hot-dry,hot,dry,0,0,1,0,1,0,0,0,0,1,1,0,0,0,0,1,0,0,1,1,0,0,0
IGNF,17,A,river,hot-dry,hot,dry,0,0,1,0,1,0,0,1,0,1,1,0,0,0,0,0,1,1,0,1,0,0,0
IGNF,17,A,river,hot-dry,hot,dry,0,0,1,1,0,0,0,0,0,1,0,0,0,0,1,0,0,0,0,0,1,0,0
IGNF,17,A,river,hot-dry,hot,dry,0,0,1,0,0,1,1,1,0,1,1,0,0,0,0,0,0,0,0,0,0,1,0
IGNF,17,A,river,hot-dry,hot,dry,0,0,1,0,1,0,0,1,0,1,1,0,0,0,0,1,1,1,1,0,0,1,0
IGNF,17,A,river,hot-dry,hot,dry,0,0,1,0,0,1,0,0,0,1,1,0,0,0,0,0,1,0,1,0,0,1,0
IGNF,17,A,river,hot-dry,hot,dry,0,0,1,0,0,1,0,1,0,1,0,0,0,0,0,1,1,0,0,1,0,0,0
IGNF,17,A,river,hot-dry,hot,dry,0,0,1,0,1,0,0,1,1,1,1,0,0,0,0,1,1,0,0,0,0,0,0
IGNF,17,A,river,hot-dry,hot,dry,0,0,1,0,1,0,0,1,0,1,0,0,0,0,0,0,1,0,1,1,1,0,0
IGNF,17,A,river,hot-dry,hot,dry,0,0,1,0,1,0,0,0,0,1,1,0,0,0,0,1,0,0,0,0,0,0,0
IGNF,17,A,river,hot-dry,hot,dry,0,1,0,0,1,0,0,1,0,1,1,0,0,0,0,1,0,0,1,1,0,0,0
IGNF,17,A,river,hot-dry,hot,dry,0,0,1,0,0,1,0,1,0,1,1,0,0,0,1,1,1,0,0,0,1,0,0
IGNF,17,A,river,hot-dry,hot,dry,0,0,1,0,0,1,0,0,0,1,1,0,0,0,0,1,0,0,1,1,0,0,0
IGNF,17,A,river,hot-dry,hot,dry,0,0,1,0,0,1,1,1,0,1,0,0,0,0,0,1,1,0,0,0,1,0,0
IGNF,17,A,river,hot-dry,hot,dry,0,1,0,0,1,0,0,0,0,1,0,0,0,0,0,1,1,0,1,0,1,0,0
IGNF,17,A,river,hot-dry,hot,dry,0,0,1,0,1,0,0,1,0,0,1,0,0,0,0,1,1,0,1,0,0,0,0
IGNF,17,A,river,hot-dry,hot,dry,0,1,0,0,1,0,0,0,0,1,1,0,0,0,1,1,1,0,1,0,1,0,0
IGNF,17,A,river,hot-dry,hot,dry,0,0,1,0,0,1,0,1,0,1,1,0,0,0,0,1,1,0,0,0,0,0,0
IGNF,17,A,river,hot-dry,hot,dry,0,0,1,0,0,1,0,1,0,0,1,0,0,0,1,1,0,0,0,1,0,0,1
IGNF,17,A,river,hot-dry,hot,dry,0,0,1,0,1,0,1,1,0,1,1,0,0,0,0,0,0,0,0,1,1,0,0
IGNF,17,A,river,hot-dry,hot,dry,0,0,1,0,0,1,0,1,0,1,1,0,0,0,0,1,1,1,0,0,0,0,1
IGNF,17,A,river,hot-dry,hot,dry,0,0,1,0,1,0,0,0,0,1,0,0,0,0,0,0,0,0,1,1,0,0,0
IGNF,17,A,river,hot-dry,hot,dry,0,0,1,0,1,0,0,0,1,1,1,0,0,0,0,0,0,1,0,1,0,0,0
IGNF,17,A,river,hot-dry,hot,dry,0,0,1,0,0,1,0,1,0,1,1,0,0,0,0,1,1,0,0,0,0,1,0
IGNF,17,A,river,hot-dry,hot,dry,0,0,1,0,1,0,0,1,0,0,1,0,0,0,0,1,0,0,0,1,1,0,0
NOR,2,A,river,cold-wet,cold,wet,0,1,0,0,0,1,1,0,0,1,1,0,0,0,0,1,0,0,1,0,1,0,0
NOR,2,A,river,cold-wet,cold,wet,0,0,1,0,0,1,1,1,0,0,1,0,0,0,0,1,0,0,1,0,0,0,0
NOR,2,A,river,cold-wet,cold,wet,0,1,0,0,1,0,0,1,0,0,0,0,0,0,0,1,0,0,0,1,0,0,1
NOR,2,A,river,cold-wet,cold,wet,0,0,1,0,0,1,0,1,0,1,1,0,0,0,0,0,0,1,0,0,0,1,0
NOR,2,A,river,cold-wet,cold,wet,0,1,0,0,1,0,0,1,0,1,1,0,0,0,0,1,0,0,1,0,1,0,1
NOR,2,A,river,cold-wet,cold,wet,0,1,0,0,1,0,0,1,0,1,1,1,0,0,0,1,0,0,0,1,1,0,0
NOR,2,A,river,cold-wet,cold,wet,0,0,1,0,0,1,0,1,0,1,1,0,0,0,0,1,0,0,0,1,0,0,0
NOR,2,A,river,cold-wet,cold,wet,0,0,1,0,0,1,0,1,0,1,1,0,0,0,1,1,0,0,0,0,0,0,0
NOR,2,A,river,cold-wet,cold,wet,0,1,0,0,0,1,0,1,0,1,1,0,0,0,1,0,0,0,1,1,1,0,0
NOR,2,A,river,cold-wet,cold,wet,0,0,1,0,0,1,1,0,0,1,1,0,0,0,0,0,1,0,0,0,1,0,1
NOR,2,A,river,cold-wet,cold,wet,0,0,1,0,0,1,1,0,0,1,1,0,0,0,0,0,0,1,0,1,0,0,0
NOR,2,A,river,cold-wet,cold,wet,0,1,0,0,0,1,0,1,0,1,1,0,0,0,0,0,1,0,0,0,0,0,1
NOR,2,A,river,cold-wet,cold,wet,0,0,1,0,0,1,0,1,0,1,1,0,0,0,0,0,1,1,1,0,0,0,0
NOR,2,A,river,cold-wet,cold,wet,0,1,0,0,1,0,0,1,0,0,1,0,0,0,1,0,1,0,0,1,1,0,0
NOR,2,A,river,cold-wet,cold,wet,0,0,1,0,0,1,0,1,0,1,1,0,0,0,0,1,1,0,0,1,0,0,0
NOR,2,A,river,cold-wet,cold,wet,0,1,0,0,1,0,0,1,0,1,1,0,0,0,0,0,0,0,1,1,1,0,0
NOR,2,A,river,cold-wet,cold,wet,0,1,0,0,0,1,1,1,0,0,1,0,0,0,0,0,1,0,0,0,0,1,0
NOR,2,A,river,cold-wet,cold,wet,0,0,1,0,0,1,1,1,0,1,1,1,0,0,0,1,0,0,0,0,0,0,0
NOR,2,A,river,cold-wet,cold,wet,0,0,1,0,0,1,1,0,0,1,1,0,0,0,0,0,0,0,0,0,1,0,0
NOR,2,A,river,cold-wet,cold,wet,0,0,1,0,1,0,1,0,0,1,1,0,0,0,1,1,1,0,1,0,0,0,0
NOR,2,A,river,cold-wet,cold,wet,0,0,1,0,0,1,0,1,0,1,1,0,0,0,0,1,1,0,0,1,1,0,0
NOR,2,A,river,cold-wet,cold,wet,0,1,0,0,0,1,0,1,0,1,1,0,1,0,0,0,0,0,0,0,0,0,0
NOR,2,A,river,cold-wet,cold,wet,0,0,1,0,0,1,1,1,0,1,1,0,0,0,0,1,1,0,1,0,1,0,0
NOR,2,A,river,cold-wet,cold,wet,0,1,0,0,0,1,1,1,1,0,1,0,0,0,0,0,0,0,0,0,1,0,0
NOR,2,A,river,cold-wet,cold,wet,0,1,0,0,1,0,1,1,0,1,1,0,0,0,0,0,1,0,0,1,1,0,0
NOR,4,B,river,cold-wet,cold,wet,0,1,0,0,1,0,0,1,1,0,1,0,0,0,1,0,1,0,0,0,1,0,0
NOR,4,B,river,cold-wet,cold,wet,0,0,1,0,0,1,0,0,0,1,1,0,0,0,0,0,1,0,1,0,1,0,0
NOR,4,B,river,cold-wet,cold,wet,0,1,0,0,0,1,0,1,0,1,1,0,0,0,0,1,0,0,1,1,0,0,0
NOR,4,B,river,cold-wet,cold,wet,0,1,0,0,0,1,0,1,0,1,1,0,0,0,1,1,0,0,0,1,0,0,0
NOR,4,B,river,cold-wet,cold,wet,0,1,0,0,1,0,1,1,0,1,0,0,0,0,0,0,0,0,0,0,0,1,0
NOR,4,B,river,cold-wet,cold,wet,0,1,0,0,1,0,0,1,0,1,1,0,0,0,0,1,1,0,0,0,1,0,0
NOR,4,B,river,cold-wet,cold,wet,0,1,0,0,0,1,1,1,0,1,0,0,0,0,0,1,1,0,0,0,0,0,0
NOR,4,B,river,cold-wet,cold,wet,0,1,0,0,0,1,1,1,1,1,1,0,0,0,0,1,1,0,0,0,1,0,1
NOR,4,B,river,cold-wet,cold,wet,0,1,0,0,0,1,1,1,0,0,1,0,0,0,0,1,1,0,1,0,0,0,0
NOR,4,B,river,cold-wet,cold,wet,0,0,1,0,1,0,1,0,0,1,0,1,0,0,1,1,1,0,1,0,0,0,1
NOR,4,B,river,cold-wet,cold,wet,0,1,0,0,1,0,0,1,0,0,0,0,0,0,0,1,0,0,0,0,0,0,0
NOR,4,B,river,cold-wet,cold,wet,0,0,1,0,1,0,0,1,0,1,0,0,0,0,0,0,0,0,0,0,0,0,0
NOR,4,B,river,cold-wet,cold,wet,0,1,0,0,1,0,1,1,0,1,0,0,0,0,0,1,0,0,0,0,0,0,0
NOR,4,B,river,cold-wet,cold,wet,0,1,0,0,1,0,0,1,0,1,1,0,0,0,0,1,1,0,0,0,0,0,0
NOR,4,B,river,cold-wet,cold,wet,0,0,1,0,0,1,0,1,0,1,1,0,0,0,0,1,1,0,0,1,0,0,0
NOR,4,B,river,cold-wet,cold,wet,0,0,1,0,1,0,1,1,0,1,0,0,0,0,0,1,0,1,0,0,0,0,1
NOR,4,B,river,cold-wet,cold,wet,0,1,0,0,1,0,1,1,0,0,0,0,0,0,0,1,1,0,0,1,0,0,0
NOR,4,B,river,cold-wet,cold,wet,0,0,1,0,0,1,1,1,0,1,1,0,0,0,0,0,0,0,0,0,0,0,0
NOR,4,B,river,cold-wet,cold,wet,0,0,1,0,1,0,0,0,0,1,0,0,0,0,0,0,1,0,0,0,0,0,1
NOR,4,B,river,cold-wet,cold,wet,0,1,0,0,1,0,0,1,0,1,1,0,0,0,0,0,0,0,0,0,0,0,0
NOR,4,B,river,cold-wet,cold,wet,0,1,0,0,1,0,0,1,1,1,1,0,0,0,0,1,1,0,0,0,0,0,0
NOR,4,B,river,cold-wet,cold,wet,0,1,0,0,1,0,0,1,0,1,1,0,0,0,0,1,0,0,1,1,1,0,0
NOR,4,B,river,cold-wet,cold,wet,0,1,0,0,1,0,0,1,0,1,0,0,0,0,0,1,1,0,0,0,0,0,0
IGNF,1,A,river,hot-dry,hot,dry,0,0,1,0,0,1,0,0,0,0,1,0,0,0,0,0,1,0,1,1,0,0,1
IGNF,1,A,river,hot-dry,hot,dry,0,0,1,0,0,1,0,0,0,1,1,0,0,0,1,0,0,1,1,0,0,1,0
IGNF,1,A,river,hot-dry,hot,dry,0,0,1,0,1,0,1,1,0,1,1,0,0,0,0,1,1,1,1,1,1,0,0
IGNF,1,A,river,hot-dry,hot,dry,0,0,1,0,0,1,0,1,0,1,1,0,0,0,0,1,1,0,0,1,0,0,0
IGNF,1,A,river,hot-dry,hot,dry,0,0,1,0,1,0,1,1,0,0,1,0,0,0,0,0,1,1,1,0,0,0,0
IGNF,1,A,river,hot-dry,hot,dry,0,0,1,0,1,0,1,1,0,1,1,0,0,0,0,1,1,0,0,0,0,0,0
IGNF,1,A,river,hot-dry,hot,dry,0,0,1,0,1,0,1,0,0,1,1,0,0,0,0,1,0,0,1,0,0,1,0
IGNF,1,A,river,hot-dry,hot,dry,0,0,1,0,1,0,1,0,1,0,0,0,0,0,1,1,0,1,0,0,0,0,0
IGNF,1,A,river,hot-dry,hot,dry,0,0,1,0,0,1,0,1,0,1,1,0,0,0,0,1,0,0,1,1,0,0,0
IGNF,1,A,river,hot-dry,hot,dry,0,1,0,1,0,0,0,1,0,1,1,0,0,0,0,1,1,0,1,0,0,0,0
IGNF,1,A,river,hot-dry,hot,dry,0,0,1,0,1,0,0,1,1,1,0,0,0,0,0,0,0,0,1,0,1,0,0
IGNF,1,A,river,hot-dry,hot,dry,0,0,1,0,0,1,0,1,1,1,1,0,0,0,0,1,1,0,0,0,0,0,0
IGNF,1,A,river,hot-dry,hot,dry,0,1,0,0,1,0,1,0,0,1,0,0,0,0,0,0,0,0,0,1,0,0,0
IGNF,1,A,river,hot-dry,hot,dry,0,0,1,0,1,0,0,1,0,1,1,0,0,0,1,1,1,0,1,0,0,0,0
IGNF,1,A,river,hot-dry,hot,dry,0,0,1,0,1,0,0,1,0,1,0,0,0,0,0,0,1,0,1,1,0,1,1
IGNF,1,A,river,hot-dry,hot,dry,0,0,1,0,0,1,0,1,0,1,0,0,0,0,1,1,0,0,1,0,0,0,0
IGNF,1,A,river,hot-dry,hot,dry,0,0,1,0,1,0,1,1,0,1,0,0,0,0,0,0,0,0,1,0,0,0,0
IGNF,1,A,river,hot-dry,hot,dry,0,0,1,0,1,0,1,1,0,1,1,0,0,0,1,0,0,0,0,0,0,0,0
IGNF,1,A,river,hot-dry,hot,dry,0,0,1,0,1,0,0,0,0,0,1,0,0,0,0,0,0,1,1,0,1,0,0
IGNF,1,A,river,hot-dry,hot,dry,0,0,1,0,0,1,0,1,0,0,1,0,1,0,0,1,0,0,0,1,0,0,0
IGNF,1,A,river,hot-dry,hot,dry,0,0,1,1,0,0,0,1,0,0,1,0,0,0,0,0,0,0,1,1,1,0,0
IGNF,1,A,river,hot-dry,hot,dry,0,0,1,0,1,0,0,1,0,1,1,0,0,0,0,1,0,1,1,0,0,0,0
IGNF,1,A,river,hot-dry,hot,dry,0,0,1,0,1,0,0,1,0,1,1,0,0,0,1,0,1,0,0,1,1,0,0
IGNF,1,A,river,hot-dry,hot,dry,0,0,1,0,0,1,1,1,0,0,1,0,0,0,0,1,0,1,1,0,0,0,0
IGNF,1,A,river,hot-dry,hot,dry,0,1,0,0,1,0,0,1,0,0,1,0,0,0,0,0,1,0,0,1,1,0,0
RG,3,B,river,hot-wet,hot,wet,0,0,1,0,1,0,1,1,0,0,1,0,0,0,1,0,0,0,1,1,1,0,0
RG,3,B,river,hot-wet,hot,wet,0,1,0,0,0,1,1,1,0,1,1,0,0,0,1,1,0,0,1,1,0,0,0
RG,3,B,river,hot-wet,hot,wet,0,1,0,0,1,0,1,1,0,1,1,0,0,0,0,0,1,0,1,0,1,0,0
RG,3,B,river,hot-wet,hot,wet,0,0,1,0,1,0,1,1,0,1,1,0,0,0,1,1,0,0,1,1,0,0,0
RG,3,B,river,hot-wet,hot,wet,0,1,0,0,1,0,1,1,0,0,0,0,0,0,0,0,1,0,0,0,0,0,1
RG,3,B,river,hot-wet,hot,wet,0,1,0,0,1,0,0,1,0,0,1,0,0,0,0,1,0,0,0,1,0,0,0
RG,3,B,river,hot-wet,hot,wet,1,0,0,0,1,0,1,1,0,1,0,0,0,0,0,1,1,0,1,0,1,0,0
RG,3,B,river,hot-wet,hot,wet,0,1,0,0,0,1,1,1,0,1,1,0,0,0,0,1,1,0,0,1,1,0,0
RG,3,B,river,hot-wet,hot,wet,0,0,1,0,0,1,1,1,1,1,1,0,0,0,0,0,1,0,1,0,0,0,0
RG,3,B,river,hot-wet,hot,wet,0,1,0,0,1,0,1,0,0,0,0,0,0,0,0,0,1,0,0,0,1,0,0
RG,3,B,river,hot-wet,hot,wet,0,0,1,0,0,1,0,1,0,1,1,0,0,0,0,1,1,0,1,0,0,0,0
RG,3,B,river,hot-wet,hot,wet,0,1,0,0,0,1,1,1,0,0,0,0,0,0,0,0,1,1,0,1,1,0,0
RG,3,B,river,hot-wet,hot,wet,0,1,0,0,0,1,1,1,0,1,0,0,0,0,0,1,0,0,0,0,1,0,0
RG,3,B,river,hot-wet,hot,wet,0,1,0,0,1,0,1,0,0,1,1,0,0,0,1,1,0,0,0,0,0,0,0
RG,3,B,river,hot-wet,hot,wet,1,0,0,1,0,0,1,1,0,0,0,0,0,0,1,0,1,0,1,0,1,0,0
RG,3,B,river,hot-wet,hot,wet,0,0,1,0,1,0,0,1,0,0,1,0,0,0,0,0,1,0,1,0,0,0,1
RG,3,B,river,hot-wet,hot,wet,0,0,1,0,0,1,1,1,0,0,0,0,0,0,0,0,1,1,0,0,0,0,0
RG,3,B,river,hot-wet,hot,wet,0,1,0,0,1,0,1,1,0,0,1,0,0,0,1,1,1,0,0,1,0,0,0
RG,3,B,river,hot-wet,hot,wet,0,0,1,0,1,0,0,1,0,0,1,0,0,0,1,1,1,1,0,0,1,0,0
RG,3,B,river,hot-wet,hot,wet,0,1,0,0,0,1,1,1,0,1,1,0,0,0,0,1,1,0,1,0,0,0,0
RG,3,B,river,hot-wet,hot,wet,0,0,1,0,1,0,1,1,0,0,1,0,0,0,0,1,0,1,0,0,0,0,0
RG,3,B,river,hot-wet,hot,wet,0,1,0,0,1,0,1,0,0,0,1,0,0,0,0,1,1,0,0,0,1,0,0
RG,3,B,river,hot-wet,hot,wet,0,0,1,0,0,1,1,0,0,1,1,0,0,0,0,1,1,0,1,0,0,0,0
IGNF,17,B,river,hot-dry,hot,dry,0,0,1,0,0,1,1,1,0,0,1,0,0,0,0,1,0,0,0,0,0,0,1
IGNF,17,B,river,hot-dry,hot,dry,0,0,1,0,1,0,1,1,0,1,1,0,0,0,0,1,1,0,1,0,1,0,0
IGNF,17,B,river,hot-dry,hot,dry,0,0,1,0,0,1,0,1,0,1,1,0,0,0,0,0,1,0,0,0,0,0,0
IGNF,17,B,river,hot-dry,hot,dry,0,1,0,0,1,0,1,1,0,0,1,0,0,0,0,0,1,0,1,1,0,0,0
IGNF,17,B,river,hot-dry,hot,dry,0,1,0,0,0,1,0,1,0,0,0,0,0,0,0,0,0,0,0,0,0,1,0
IGNF,17,B,river,hot-dry,hot,dry,0,1,0,0,1,0,0,1,0,1,1,0,0,0,0,1,0,0,1,0,0,0,0
IGNF,17,B,river,hot-dry,hot,dry,0,1,0,0,0,1,1,1,0,1,1,0,0,0,1,1,0,0,0,0,0,0,0
IGNF,17,B,river,hot-dry,hot,dry,0,0,1,0,0,1,0,1,0,1,0,0,0,0,0,1,1,0,0,1,0,0,1
IGNF,17,B,river,hot-dry,hot,dry,0,1,0,0,0,1,0,1,0,1,1,0,0,0,0,0,1,0,0,0,1,0,0
IGNF,17,B,river,hot-dry,hot,dry,0,0,1,0,1,0,0,1,0,1,1,0,0,0,1,0,0,0,1,1,0,0,0
IGNF,17,B,river,hot-dry,hot,dry,0,1,0,0,1,0,0,0,0,1,0,0,0,0,1,1,0,0,0,0,0,0,0
IGNF,17,B,river,hot-dry,hot,dry,0,0,1,0,1,0,0,0,0,0,1,0,0,0,0,1,0,0,0,0,0,0,0
IGNF,17,B,river,hot-dry,hot,dry,0,0,1,0,1,0,0,1,0,0,1,0,0,0,0,0,1,0,0,0,0,1,0
IGNF,17,B,river,hot-dry,hot,dry,0,1,0,0,1,0,0,1,0,0,1,0,0,0,0,1,1,1,1,0,0,0,0
IGNF,17,B,river,hot-dry,hot,dry,0,0,1,0,1,0,0,1,0,1,1,0,0,0,0,0,0,0,1,0,0,0,0
IGNF,17,B,river,hot-dry,hot,dry,0,1,0,0,1,0,0,1,0,1,1,0,0,0,0,0,1,0,0,0,0,0,0
IGNF,17,B,river,hot-dry,hot,dry,0,0,1,0,0,1,1,1,0,1,1,0,0,0,1,0,0,0,0,0,0,0,0
IGNF,17,B,river,hot-dry,hot,dry,0,0,1,0,1,0,0,0,0,1,1,0,0,0,0,1,0,0,0,1,1,0,0
IGNF,17,B,river,hot-dry,hot,dry,0,0,1,0,0,1,0,1,0,0,0,0,0,0,0,1,0,0,1,0,0,0,0
IGNF,17,B,river,hot-dry,hot,dry,0,1,0,0,1,0,0,1,0,1,0,0,0,0,1,0,1,0,1,1,0,0,0
IGNF,17,B,river,hot-dry,hot,dry,0,1,0,0,0,1,0,1,0,1,1,0,0,1,0,1,0,0,1,0,1,0,1
IGNF,17,B,river,hot-dry,hot,dry,0,1,0,0,1,0,1,1,0,0,1,0,0,0,0,0,0,0,0,1,0,0,0
IGNF,17,B,river,hot-dry,hot,dry,0,1,0,0,1,0,0,1,0,0,1,0,0,0,0,0,0,0,1,0,0,0,0
IGNF,17,B,river,hot-dry,hot,dry,0,0,1,0,1,0,0,1,0,1,1,0,0,0,1,0,0,0,1,0,1,0,0
IGNF,17,B,river,hot-dry,hot,dry,0,0,1,0,1,0,0,1,0,1,1,0,0,0,0,1,0,0,0,1,0,0,1
LPM,1,B,moraine,cold-dry-glacial,cold,dry,0,1,0,0,1,0,0,1,1,0,1,0,0,0,0,1,1,0,0,1,0,0,0
LPM,1,B,moraine,cold-dry-glacial,cold,dry,0,1,0,0,1,0,0,0,1,1,1,0,0,1,0,1,1,0,0,0,0,0,0
LPM,1,B,moraine,cold-dry-glacial,cold,dry,0,0,1,0,1,0,0,1,0,1,0,0,0,0,0,0,1,0,1,0,0,0,0
LPM,1,B,moraine,cold-dry-glacial,cold,dry,0,0,1,0,1,0,0,1,0,1,1,0,1,0,0,0,1,0,0,0,0,0,0
LPM,1,B,moraine,cold-dry-glacial,cold,dry,0,0,1,0,1,0,0,1,1,1,1,0,0,0,0,0,0,1,0,0,0,0,0
LPM,1,B,moraine,cold-dry-glacial,cold,dry,0,1,0,0,1,0,1,1,0,1,0,0,0,0,0,1,0,0,1,0,1,0,0
LPM,1,B,moraine,cold-dry-glacial,cold,dry,0,0,1,0,1,0,0,1,1,1,1,0,0,0,0,0,1,0,1,0,0,1,0
LPM,1,B,moraine,cold-dry-glacial,cold,dry,1,0,0,0,1,0,0,1,0,1,1,0,0,0,0,1,1,0,0,0,1,0,0
LPM,1,B,moraine,cold-dry-glacial,cold,dry,0,0,1,1,0,0,0,1,0,1,0,0,0,0,0,0,1,0,1,0,0,0,0
LPM,1,B,moraine,cold-dry-glacial,cold,dry,0,0,1,1,0,0,0,0,0,1,0,0,0,1,0,1,1,0,0,0,0,0,0
LPM,1,B,moraine,cold-dry-glacial,cold,dry,0,1,0,0,1,0,0,1,0,1,0,0,0,0,0,0,1,0,0,0,0,0,0
LPM,1,B,moraine,cold-dry-glacial,cold,dry,0,0,1,0,0,1,1,1,0,1,1,0,0,0,0,0,1,1,1,0,1,0,0
LPM,1,B,moraine,cold-dry-glacial,cold,dry,0,0,1,0,1,0,1,0,0,1,1,0,0,0,0,1,0,0,1,0,0,1,0
LPM,1,B,moraine,cold-dry-glacial,cold,dry,0,0,1,0,0,1,0,0,0,1,1,0,1,0,0,0,1,1,0,0,0,0,0
LPM,1,B,moraine,cold-dry-glacial,cold,dry,0,0,1,0,0,1,0,1,1,1,1,1,0,0,0,1,0,0,0,0,0,0,0
LPM,1,B,moraine,cold-dry-glacial,cold,dry,0,0,1,0,0,1,0,1,1,0,1,0,0,0,0,0,0,0,0,0,0,1,0
LPM,1,B,moraine,cold-dry-glacial,cold,dry,1,0,0,0,1,0,0,1,0,1,1,0,0,0,0,1,1,0,0,0,0,0,0
LPM,1,B,moraine,cold-dry-glacial,cold,dry,0,0,1,0,1,0,0,1,0,1,1,1,0,0,1,0,1,0,0,0,0,0,0
LPM,1,B,moraine,cold-dry-glacial,cold,dry,0,1,0,0,1,0,0,1,0,1,1,1,0,0,0,0,1,0,1,0,0,0,0
LPM,1,B,moraine,cold-dry-glacial,cold,dry,0,0,1,0,1,0,0,1,1,1,1,0,1,0,0,0,1,0,0,0,0,0,0
LPM,1,B,moraine,cold-dry-glacial,cold,dry,0,1,0,0,0,1,0,1,1,1,1,1,0,0,0,0,0,0,0,0,0,0,0
LPM,1,B,moraine,cold-dry-glacial,cold,dry,0,0,1,0,0,1,0,1,1,1,1,0,0,0,0,0,1,1,0,0,0,0,0
LPM,1,B,moraine,cold-dry-glacial,cold,dry,0,0,1,0,1,0,0,0,1,1,1,0,0,0,0,1,0,0,1,0,0,0,0
LPM,1,B,moraine,cold-dry-glacial,cold,dry,0,0,1,0,0,1,0,1,0,1,1,0,1,0,0,1,1,1,1,0,0,0,0
RP-16,5,B,river,cold-dry,cold,dry,0,0,1,0,1,0,0,1,0,0,1,0,0,0,0,1,0,0,1,0,0,0,0
RP-16,5,B,river,cold-dry,cold,dry,0,0,1,1,0,0,0,1,1,1,0,0,0,0,0,1,0,0,0,0,0,0,0
RP-16,5,B,river,cold-dry,cold,dry,0,1,0,0,1,0,0,1,0,1,0,0,0,0,0,0,1,0,0,0,0,0,0
RP-16,5,B,river,cold-dry,cold,dry,0,1,0,0,1,0,0,1,0,0,1,0,0,0,0,1,1,0,1,0,1,0,0
RP-16,5,B,river,cold-dry,cold,dry,0,1,0,0,1,0,0,1,0,1,1,0,0,0,0,1,1,0,0,0,1,0,0
RP-16,5,B,river,cold-dry,cold,dry,1,0,0,0,1,0,0,1,0,1,1,0,0,0,0,1,1,0,1,0,1,0,0
RP-16,5,B,river,cold-dry,cold,dry,0,0,1,0,0,1,0,1,0,1,0,0,0,0,0,1,0,0,0,0,0,0,0
RP-16,5,B,river,cold-dry,cold,dry,0,0,1,0,1,0,0,1,0,1,0,0,0,0,0,1,1,0,0,1,0,0,0
RP-16,5,B,river,cold-dry,cold,dry,0,1,0,0,0,1,1,0,0,1,1,0,0,0,0,0,0,0,1,0,0,0,0
RP-16,5,B,river,cold-dry,cold,dry,0,0,1,0,1,0,0,1,0,0,1,0,0,0,0,0,1,0,0,0,0,0,0
RP-16,5,B,river,cold-dry,cold,dry,0,0,1,1,0,0,0,1,0,0,0,0,0,1,0,0,1,0,0,1,0,0,0
RP-16,5,B,river,cold-dry,cold,dry,0,1,0,0,0,1,0,1,0,0,1,0,0,0,0,1,1,0,1,0,0,0,0
RP-16,5,B,river,cold-dry,cold,dry,0,1,0,0,1,0,0,1,0,0,0,0,0,0,1,0,1,0,1,0,1,0,0
RP-16,5,B,river,cold-dry,cold,dry,0,1,0,0,1,0,0,1,0,1,0,0,0,0,0,0,1,0,1,0,0,0,0
RP-16,5,B,river,cold-dry,cold,dry,0,1,0,0,1,0,0,1,0,0,0,0,0,0,0,1,1,0,1,0,1,0,0
RP-16,5,B,river,cold-dry,cold,dry,0,1,0,0,0,1,0,1,0,1,0,0,0,0,0,1,1,0,0,0,0,1,0
RP-16,5,B,river,cold-dry,cold,dry,0,1,0,0,1,0,0,1,0,1,1,0,0,0,0,0,1,0,1,0,0,0,0
RP-16,5,B,river,cold-dry,cold,dry,0,0,1,0,0,1,0,0,0,1,0,0,0,0,0,1,1,1,0,0,0,0,0
RP-16,5,B,river,cold-dry,cold,dry,0,1,0,0,0,1,0,1,0,1,0,0,0,0,0,1,1,1,1,0,0,0,0
RP-16,5,B,river,cold-dry,cold,dry,0,1,0,0,1,0,0,1,0,0,0,0,0,0,1,0,1,0,0,1,1,0,0
RP-16,5,B,river,cold-dry,cold,dry,0,0,1,0,0,1,0,1,0,1,1,0,0,0,0,0,1,0,0,0,0,0,0
RP-16,5,B,river,cold-dry,cold,dry,0,1,0,0,1,0,0,1,0,0,1,0,0,0,0,1,1,1,0,0,0,0,0
RP-16,5,B,river,cold-dry,cold,dry,0,0,1,1,0,0,0,1,0,1,0,0,0,0,0,1,1,0,1,0,0,0,0
RP-16,5,B,river,cold-dry,cold,dry,1,0,0,0,0,1,0,1,0,0,1,0,0,0,0,1,1,1,1,0,1,0,0
RP-16,5,B,river,cold-dry,cold,dry,0,0,1,0,1,0,0,1,0,1,0,0,0,0,0,1,1,0,0,0,0,0,0
NOR,1,B,river,cold-wet,cold,wet,0,1,0,0,1,0,1,1,0,1,1,0,0,0,0,1,0,0,0,1,0,0,0
NOR,1,B,river,cold-wet,cold,wet,0,0,1,0,0,1,0,1,0,0,0,0,0,0,0,1,1,0,0,1,0,0,0
NOR,1,B,river,cold-wet,cold,wet,0,0,1,0,1,0,0,1,0,1,1,0,0,0,0,0,1,0,0,0,1,0,1
NOR,1,B,river,cold-wet,cold,wet,0,0,1,0,1,0,0,0,0,1,1,0,0,0,0,1,1,1,0,0,0,0,1
NOR,1,B,river,cold-wet,cold,wet,0,0,1,0,0,1,1,1,0,1,1,0,0,0,0,1,0,0,0,0,0,0,0
NOR,1,B,river,cold-wet,cold,wet,0,1,0,0,1,0,1,1,0,1,0,0,0,0,1,0,0,0,1,1,1,0,0
NOR,1,B,river,cold-wet,cold,wet,0,1,0,0,1,0,0,1,0,1,0,0,0,0,0,0,0,1,1,0,0,0,0
NOR,1,B,river,cold-wet,cold,wet,0,1,0,0,1,0,0,1,0,1,1,0,0,0,0,1,1,0,0,1,1,0,0
NOR,1,B,river,cold-wet,cold,wet,0,1,0,0,1,0,0,1,0,0,0,1,0,0,0,1,1,0,0,0,1,0,0
NOR,1,B,river,cold-wet,cold,wet,0,0,1,0,1,0,1,0,0,1,0,0,0,0,0,1,0,0,1,0,0,0,0
NOR,1,B,river,cold-wet,cold,wet,0,1,0,0,1,0,1,1,0,1,0,0,0,0,1,0,0,0,0,0,1,0,0
NOR,1,B,river,cold-wet,cold,wet,0,0,1,0,0,1,0,0,0,1,0,0,1,0,0,0,1,0,0,1,0,0,1
NOR,1,B,river,cold-wet,cold,wet,0,1,0,0,0,1,0,1,0,1,1,0,0,0,0,0,0,0,0,1,1,0,0
NOR,1,B,river,cold-wet,cold,wet,0,0,1,0,1,0,0,1,0,1,1,0,0,0,0,0,1,0,0,0,0,1,0
NOR,1,B,river,cold-wet,cold,wet,0,1,0,0,1,0,0,1,0,0,1,0,0,0,0,0,0,0,0,1,0,1,0
NOR,1,B,river,cold-wet,cold,wet,0,1,0,0,1,0,0,1,0,1,1,0,0,0,0,1,1,0,0,1,0,1,1
NOR,1,B,river,cold-wet,cold,wet,0,0,1,0,1,0,0,1,0,0,1,0,0,0,0,1,0,0,0,0,0,0,1
NOR,1,B,river,cold-wet,cold,wet,0,0,1,1,0,0,0,0,1,0,0,0,0,0,0,0,1,0,0,1,0,0,1
NOR,1,B,river,cold-wet,cold,wet,0,0,1,0,1,0,0,1,0,0,1,0,0,0,0,0,1,0,0,0,0,0,0
NOR,1,B,river,cold-wet,cold,wet,0,1,0,0,1,0,1,1,0,1,0,0,0,0,0,0,0,0,0,0,0,0,0
NOR,1,B,river,cold-wet,cold,wet,0,1,0,0,1,0,0,1,0,0,1,0,0,0,1,1,0,0,0,0,0,0,0
NOR,1,B,river,cold-wet,cold,wet,0,0,1,0,1,0,1,1,0,1,1,0,0,0,0,0,1,0,0,0,0,0,0
NOR,1,B,river,cold-wet,cold,wet,0,0,1,0,1,0,0,0,0,1,1,1,0,0,1,1,1,0,0,0,0,0,0
NOR,1,B,river,cold-wet,cold,wet,0,1,0,0,1,0,0,1,0,0,1,0,0,0,0,0,1,0,1,1,0,0,0
NOR,1,B,river,cold-wet,cold,wet,0,1,0,0,1,0,1,1,0,1,1,0,0,0,0,1,0,0,0,1,1,1,0
AUS-Drift,1,A,moraine,cold-wet-glacial,cold,wet,0,1,0,0,1,0,0,1,1,1,1,0,0,0,0,1,1,0,0,0,0,0,0
AUS-Drift,1,A,moraine,cold-wet-glacial,cold,wet,0,1,0,0,0,1,1,1,0,1,0,0,0,0,0,1,1,0,0,0,0,0,0
AUS-Drift,1,A,moraine,cold-wet-glacial,cold,wet,0,0,1,0,0,1,0,1,0,1,1,0,0,0,0,1,1,0,0,0,0,0,0
AUS-Drift,1,A,moraine,cold-wet-glacial,cold,wet,0,0,1,0,0,1,0,0,1,1,1,0,0,0,0,1,0,0,0,0,0,1,0
AUS-Drift,1,A,moraine,cold-wet-glacial,cold,wet,0,1,0,0,0,1,1,1,0,1,1,0,0,0,0,1,1,0,0,0,0,0,0
AUS-Drift,1,A,moraine,cold-wet-glacial,cold,wet,0,0,1,0,1,0,0,1,0,1,0,1,0,0,0,0,0,0,1,0,0,0,0
AUS-Drift,1,A,moraine,cold-wet-glacial,cold,wet,0,0,1,0,1,0,1,1,0,0,1,0,0,1,0,1,1,0,0,0,0,0,0
AUS-Drift,1,A,moraine,cold-wet-glacial,cold,wet,1,0,0,0,1,0,0,0,0,0,0,0,0,0,0,0,1,0,0,0,0,0,0
AUS-Drift,1,A,moraine,cold-wet-glacial,cold,wet,0,1,0,0,1,0,0,0,1,0,1,0,0,0,0,1,1,0,0,0,0,0,0
AUS-Drift,1,A,moraine,cold-wet-glacial,cold,wet,0,1,0,0,1,0,0,1,1,1,1,0,0,0,0,1,0,0,0,0,0,0,0
AUS-Drift,1,A,moraine,cold-wet-glacial,cold,wet,0,1,0,0,1,0,0,0,1,1,1,0,0,0,0,0,1,0,0,0,0,0,0
AUS-Drift,1,A,moraine,cold-wet-glacial,cold,wet,0,0,1,0,0,1,0,1,0,0,1,0,0,0,0,0,0,1,0,0,0,1,0
AUS-Drift,1,A,moraine,cold-wet-glacial,cold,wet,0,0,1,0,1,0,0,1,0,1,0,0,0,0,0,0,1,0,1,0,0,0,0
AUS-Drift,1,A,moraine,cold-wet-glacial,cold,wet,0,1,0,0,0,1,0,1,1,1,0,1,0,0,0,1,1,0,0,0,0,0,0
AUS-Drift,1,A,moraine,cold-wet-glacial,cold,wet,0,0,1,0,0,1,1,1,0,1,0,0,0,0,0,0,1,1,0,0,0,0,0
AUS-Drift,1,A,moraine,cold-wet-glacial,cold,wet,0,1,0,0,1,0,0,1,0,1,1,0,0,1,0,0,1,0,0,0,1,1,0
AUS-Drift,1,A,moraine,cold-wet-glacial,cold,wet,0,1,0,0,0,1,0,0,0,1,1,1,0,0,0,1,1,0,0,0,0,0,0
AUS-Drift,1,A,moraine,cold-wet-glacial,cold,wet,0,1,0,0,1,0,1,1,0,0,0,0,1,0,0,1,1,0,1,0,0,0,0
AUS-Drift,1,A,moraine,cold-wet-glacial,cold,wet,0,0,1,0,0,1,0,1,0,1,0,0,1,0,0,1,1,1,0,0,0,0,0
AUS-Drift,1,A,moraine,cold-wet-glacial,cold,wet,1,0,0,0,0,1,0,1,0,1,0,0,0,0,0,0,1,0,0,0,1,0,0
AUS-Drift,1,A,moraine,cold-wet-glacial,cold,wet,0,1,0,0,1,0,0,0,0,1,0,0,0,0,0,1,1,1,0,0,1,0,0
AUS-Drift,1,A,moraine,cold-wet-glacial,cold,wet,0,0,1,0,0,1,1,1,1,1,0,0,0,0,0,0,0,1,1,0,0,0,0
AUS-Drift,1,A,moraine,cold-wet-glacial,cold,wet,0,1,0,0,0,1,1,1,0,1,0,0,0,0,0,0,0,0,0,0,0,1,0
AUS-Drift,1,A,moraine,cold-wet-glacial,cold,wet,0,0,1,0,1,0,0,0,1,1,0,0,0,0,0,0,1,1,0,0,0,0,0
AUS-Drift,1,A,moraine,cold-wet-glacial,cold,wet,1,0,0,0,1,0,0,1,1,1,1,1,0,0,0,1,1,0,0,0,0,0,0
RG,6,B,river,hot-wet,hot,wet,0,0,1,0,1,0,0,1,0,0,1,0,0,0,0,1,0,0,1,1,0,0,0
RG,6,B,river,hot-wet,hot,wet,0,1,0,0,0,1,0,1,0,1,0,0,0,0,1,1,1,0,0,1,1,0,0
RG,6,B,river,hot-wet,hot,wet,0,0,1,0,1,0,1,1,0,1,1,0,0,0,1,0,0,0,0,1,0,0,0
RG,6,B,river,hot-wet,hot,wet,0,0,1,0,1,0,1,1,0,0,1,0,0,0,0,1,1,0,1,0,1,0,0
RG,6,B,river,hot-wet,hot,wet,0,1,0,0,0,1,1,1,0,1,1,0,0,0,0,0,1,0,0,1,1,1,1
RG,6,B,river,hot-wet,hot,wet,0,0,1,0,1,0,1,1,0,1,1,0,0,0,1,0,0,0,0,1,0,0,0
RG,6,B,river,hot-wet,hot,wet,0,0,1,0,1,0,0,0,0,1,1,0,0,0,0,1,0,0,0,1,0,0,0
RG,6,B,river,hot-wet,hot,wet,0,0,1,0,0,1,1,1,0,1,1,0,0,0,0,0,1,0,0,1,0,0,0
RG,6,B,river,hot-wet,hot,wet,0,0,1,0,0,1,1,1,0,1,1,0,0,0,0,1,1,1,0,0,0,0,0
RG,6,B,river,hot-wet,hot,wet,0,1,0,0,0,1,1,1,0,0,0,0,0,0,0,0,0,0,0,0,1,0,0
RG,6,B,river,hot-wet,hot,wet,0,1,0,0,1,0,1,1,0,1,1,0,0,0,0,0,1,0,0,1,0,0,0
RG,6,B,river,hot-wet,hot,wet,0,1,0,0,0,1,0,1,0,1,1,0,0,0,0,0,0,0,0,1,0,0,0
RG,6,B,river,hot-wet,hot,wet,0,1,0,0,1,0,1,1,0,1,1,0,0,0,0,1,0,0,0,1,1,0,0
RG,6,B,river,hot-wet,hot,wet,0,0,1,0,1,0,0,1,0,1,1,0,0,0,0,1,1,0,0,1,0,0,0
RG,6,B,river,hot-wet,hot,wet,0,0,1,0,1,0,1,1,0,1,1,0,0,0,0,1,1,0,0,1,0,0,0
RG,6,B,river,hot-wet,hot,wet,0,1,0,0,0,1,0,1,0,0,1,0,0,0,0,0,0,0,1,0,0,0,0
RG,6,B,river,hot-wet,hot,wet,0,0,1,0,0,1,1,1,0,1,1,0,0,0,0,0,0,0,0,0,0,0,0
RG,6,B,river,hot-wet,hot,wet,0,1,0,0,0,1,1,1,0,1,1,0,1,0,0,1,1,0,0,0,1,0,0
RG,6,B,river,hot-wet,hot,wet,0,0,1,0,0,1,0,1,0,0,1,0,0,0,0,1,1,1,1,0,0,0,0
RG,6,B,river,hot-wet,hot,wet,0,0,1,0,0,1,1,1,0,1,1,0,0,0,0,1,1,1,1,0,1,0,0
RG,6,B,river,hot-wet,hot,wet,0,1,0,0,1,0,1,0,0,1,1,0,0,0,0,0,0,0,0,1,1,0,0
RG,6,B,river,hot-wet,hot,wet,0,0,1,0,0,1,0,1,0,1,1,0,0,0,0,0,1,1,0,1,0,0,0
RG,6,B,river,hot-wet,hot,wet,0,0,1,0,1,0,1,1,0,0,0,0,0,0,0,0,0,0,0,0,1,0,0
RG,6,B,river,hot-wet,hot,wet,0,1,0,0,1,0,1,1,0,1,1,0,0,0,0,0,0,0,0,1,1,0,0
RG,6,B,river,hot-wet,hot,wet,0,0,1,0,0,1,0,1,0,0,1,0,0,0,0,0,0,1,0,0,0,0,0
RG,13,A,river,hot-wet,hot,wet,0,0,1,0,0,1,1,1,0,1,1,0,0,0,1,0,1,1,1,1,0,0,0
RG,13,A,river,hot-wet,hot,wet,0,0,1,0,0,1,1,0,0,0,1,0,0,0,0,0,0,0,0,0,0,0,0
RG,13,A,river,hot-wet,hot,wet,0,0,1,0,1,0,1,1,0,0,1,0,0,0,0,0,0,0,1,1,0,0,0
RG,13,A,river,hot-wet,hot,wet,0,0,1,0,1,0,1,1,0,0,1,0,0,0,0,0,1,0,0,1,1,1,0
RG,13,A,river,hot-wet,hot,wet,0,0,1,0,0,1,1,1,0,1,1,0,0,0,0,0,0,0,0,1,1,0,0
RG,13,A,river,hot-wet,hot,wet,0,1,0,0,1,0,0,0,0,1,0,0,0,0,0,1,1,0,1,0,1,0,0
RG,13,A,river,hot-wet,hot,wet,0,0,1,0,1,0,1,1,0,1,1,0,0,0,1,0,1,0,0,0,0,0,0
RG,13,A,river,hot-wet,hot,wet,0,1,0,0,1,0,1,1,0,1,0,0,0,0,0,0,0,0,0,1,1,0,0
RG,13,A,river,hot-wet,hot,wet,0,0,1,0,1,0,0,1,0,0,1,0,0,0,0,0,1,0,1,0,0,0,1
RG,13,A,river,hot-wet,hot,wet,0,0,1,0,0,1,1,0,1,1,1,0,0,0,0,0,1,0,0,0,0,0,0
RG,13,A,river,hot-wet,hot,wet,0,0,1,0,0,1,1,1,0,1,0,0,1,0,0,0,0,0,0,0,0,0,0
RG,13,A,river,hot-wet,hot,wet,0,0,1,0,1,0,0,1,0,1,1,0,0,0,1,0,1,0,1,1,0,0,1
RG,13,A,river,hot-wet,hot,wet,0,1,0,0,1,0,0,1,0,0,0,0,0,0,0,0,0,0,1,1,0,0,0
RG,13,A,river,hot-wet,hot,wet,0,0,1,0,1,0,1,1,0,1,1,0,0,0,0,0,1,1,0,0,0,0,0
RG,13,A,river,hot-wet,hot,wet,0,0,1,0,1,0,1,1,0,1,1,0,0,0,0,1,1,0,0,1,1,0,0
RG,13,A,river,hot-wet,hot,wet,0,0,1,0,0,1,1,1,0,1,1,0,0,0,0,1,1,0,0,0,0,1,0
RG,13,A,river,hot-wet,hot,wet,0,1,0,0,1,0,1,1,0,0,1,0,0,0,0,0,0,1,0,0,0,0,0
RG,13,A,river,hot-wet,hot,wet,0,1,0,0,1,0,1,1,0,1,0,0,0,0,0,1,0,0,0,0,1,0,0
RG,13,A,river,hot-wet,hot,wet,0,0,1,0,0,1,1,1,0,1,1,0,0,0,0,1,1,0,0,0,0,0,0
RG,13,A,river,hot-wet,hot,wet,0,1,0,0,0,1,1,1,0,1,1,0,0,0,1,1,1,0,0,0,1,0,0
RG,13,A,river,hot-wet,hot,wet,0,1,0,0,0,1,1,1,0,0,0,0,0,0,0,0,1,0,0,0,0,0,0
RG,13,A,river,hot-wet,hot,wet,0,0,1,0,0,1,1,1,0,1,1,0,0,0,0,0,1,1,0,0,1,0,0
RG,13,A,river,hot-wet,hot,wet,0,1,0,0,1,0,1,0,0,1,1,0,0,0,0,0,1,0,0,0,0,0,0
RG,13,A,river,hot-wet,hot,wet,0,0,1,0,1,0,1,0,0,0,1,0,0,0,0,1,1,0,0,0,0,0,0
RG,13,A,river,hot-wet,hot,wet,0,0,1,0,1,0,1,1,0,0,1,0,0,0,0,0,1,0,1,0,0,0,0
RP-16,1,A,river,cold-dry,cold,dry,0,0,1,0,1,0,1,1,0,1,1,0,0,0,1,0,0,0,0,0,0,0,0
RP-16,1,A,river,cold-dry,cold,dry,0,1,0,0,1,0,1,1,0,1,1,0,0,0,0,1,1,0,0,0,0,0,0
RP-16,1,A,river,cold-dry,cold,dry,0,1,0,0,0,1,0,1,0,1,1,0,0,0,0,0,1,0,0,0,0,0,0
RP-16,1,A,river,cold-dry,cold,dry,1,0,0,0,1,0,0,1,0,1,1,0,0,1,0,1,0,0,1,0,1,0,0
RP-16,1,A,river,cold-dry,cold,dry,0,1,0,0,1,0,0,1,0,1,1,0,0,0,0,1,1,0,0,0,1,0,0
RP-16,1,A,river,cold-dry,cold,dry,1,0,0,0,0,1,0,0,0,1,0,0,0,0,0,0,1,0,0,0,1,0,0
RP-16,1,A,river,cold-dry,cold,dry,0,0,1,0,1,0,0,1,0,0,1,0,0,0,0,0,1,0,1,0,0,0,0
RP-16,1,A,river,cold-dry,cold,dry,0,1,0,0,1,0,0,1,0,1,1,0,0,0,1,1,0,0,1,0,0,0,0
RP-16,1,A,river,cold-dry,cold,dry,0,1,0,0,0,1,1,1,0,1,1,0,0,0,0,0,0,0,1,0,1,0,0
RP-16,1,A,river,cold-dry,cold,dry,0,1,0,0,0,1,0,0,0,1,1,0,0,0,0,1,0,0,0,1,1,0,0
RP-16,1,A,river,cold-dry,cold,dry,0,1,0,0,1,0,0,1,0,1,0,0,0,0,0,0,0,0,1,0,1,0,0
RP-16,1,A,river,cold-dry,cold,dry,0,1,0,0,0,1,0,1,1,1,1,0,0,0,0,1,0,0,0,0,1,0,0
RP-16,1,A,river,cold-dry,cold,dry,0,1,0,0,1,0,1,1,0,1,0,0,0,0,0,0,1,0,1,1,0,0,0
RP-16,1,A,river,cold-dry,cold,dry,0,0,1,0,0,1,0,1,0,1,0,0,0,0,0,0,0,0,0,0,0,0,0
RP-16,1,A,river,cold-dry,cold,dry,0,0,1,0,1,0,0,1,1,1,0,0,0,0,0,0,0,0,1,0,0,0,0
RP-16,1,A,river,cold-dry,cold,dry,0,0,1,0,1,0,0,0,0,1,1,0,0,0,0,0,0,1,0,1,0,0,0
RP-16,1,A,river,cold-dry,cold,dry,0,0,1,0,0,1,1,1,0,0,1,0,0,0,0,0,1,0,0,0,0,0,0
RP-16,1,A,river,cold-dry,cold,dry,0,1,0,0,0,1,1,1,0,0,0,0,0,0,1,0,1,0,0,0,0,0,0
RP-16,1,A,river,cold-dry,cold,dry,0,1,0,0,1,0,0,1,0,0,1,0,0,0,0,0,0,0,1,0,0,0,0
RP-16,1,A,river,cold-dry,cold,dry,0,1,0,0,0,1,1,0,0,1,1,0,0,0,0,1,0,0,1,0,1,0,0
RP-16,1,A,river,cold-dry,cold,dry,0,0,1,0,1,0,0,1,0,1,1,0,0,0,0,0,1,0,0,0,0,0,0
RP-16,1,A,river,cold-dry,cold,dry,0,1,0,0,1,0,1,1,0,1,1,0,0,0,0,1,0,0,0,0,0,0,0
RP-16,1,A,river,cold-dry,cold,dry,0,0,1,0,0,1,0,1,1,0,0,0,0,0,0,1,0,0,0,0,0,0,0
RP-16,1,A,river,cold-dry,cold,dry,0,0,1,0,0,1,1,0,0,1,1,0,0,0,0,0,0,0,0,0,1,0,0
RP-16,1,A,river,cold-dry,cold,dry,0,1,0,0,0,1,0,1,0,1,1,0,1,0,0,1,0,0,1,0,0,0,0
RG,10,A,river,hot-wet,hot,wet,0,0,1,0,1,0,0,0,0,1,0,0,0,0,0,0,1,0,0,0,0,0,1
RG,10,A,river,hot-wet,hot,wet,0,0,1,0,0,1,0,1,1,1,1,0,0,0,0,1,0,1,0,0,0,0,0
RG,10,A,river,hot-wet,hot,wet,0,0,1,0,1,0,1,1,0,0,1,1,0,0,0,0,1,0,0,0,1,0,0
RG,10,A,river,hot-wet,hot,wet,0,1,0,0,1,0,0,1,0,1,0,0,0,0,0,1,1,0,0,1,0,0,1
RG,10,A,river,hot-wet,hot,wet,0,0,1,0,1,0,0,1,0,1,0,0,0,0,0,1,1,1,0,0,0,0,0
RG,10,A,river,hot-wet,hot,wet,0,0,1,0,1,0,1,1,0,1,1,0,0,0,0,1,1,1,0,0,0,0,0
RG,10,A,river,hot-wet,hot,wet,0,0,1,0,1,0,1,1,0,1,1,0,0,0,1,1,1,1,0,1,0,0,0
RG,10,A,river,hot-wet,hot,wet,0,1,0,0,1,0,0,1,0,1,0,0,0,0,0,1,1,0,1,0,1,0,0
RG,10,A,river,hot-wet,hot,wet,0,0,1,0,0,1,1,1,0,1,0,0,0,0,1,0,1,1,0,0,0,0,0
RG,10,A,river,hot-wet,hot,wet,0,0,1,0,0,1,0,1,0,1,0,0,0,0,0,1,0,0,0,0,0,0,0
RG,10,A,river,hot-wet,hot,wet,0,1,0,0,1,0,0,1,0,1,0,0,0,0,0,0,1,0,1,1,1,0,0
RG,10,A,river,hot-wet,hot,wet,0,1,0,0,0,1,0,1,0,1,1,0,0,0,0,0,1,0,0,0,0,0,0
RG,10,A,river,hot-wet,hot,wet,0,1,0,0,0,1,0,1,0,1,1,0,0,0,0,1,1,0,0,1,1,0,0
RG,10,A,river,hot-wet,hot,wet,0,1,0,0,0,1,0,1,0,0,1,0,0,0,0,1,1,0,0,0,0,0,0
RG,10,A,river,hot-wet,hot,wet,0,0,1,0,1,0,0,1,0,0,0,0,0,0,0,1,1,0,0,0,0,0,0
RG,10,A,river,hot-wet,hot,wet,0,1,0,0,0,1,1,1,0,1,0,0,0,0,0,1,0,0,0,0,1,0,0
RG,10,A,river,hot-wet,hot,wet,0,0,1,0,1,0,1,1,0,1,1,0,0,0,1,1,1,0,0,0,1,0,0
RG,10,A,river,hot-wet,hot,wet,0,0,1,0,0,1,1,1,0,1,0,0,0,0,0,0,0,0,0,1,0,0,0
RG,10,A,river,hot-wet,hot,wet,0,1,0,0,1,0,0,1,0,1,1,0,0,0,1,1,1,0,0,1,1,0,0
RG,10,A,river,hot-wet,hot,wet,0,1,0,0,1,0,0,1,0,0,0,0,0,0,1,0,1,0,1,0,0,0,0
RG,10,A,river,hot-wet,hot,wet,0,1,0,0,0,1,0,1,0,1,0,0,0,1,0,1,1,0,1,1,1,0,1
RG,10,A,river,hot-wet,hot,wet,0,0,1,0,0,1,0,1,0,0,0,0,0,0,0,0,1,0,0,1,0,0,0
RG,10,A,river,hot-wet,hot,wet,0,0,1,0,1,0,1,1,0,1,0,0,0,0,0,1,0,0,0,1,1,0,0
RG,10,A,river,hot-wet,hot,wet,0,0,1,0,0,1,1,1,0,0,0,0,1,0,0,1,1,0,0,0,0,0,1
NOR,6,B,river,cold-wet,cold,wet,0,1,0,0,0,1,0,1,0,0,0,0,0,0,0,0,1,0,1,0,0,0,0
NOR,6,B,river,cold-wet,cold,wet,0,0,1,0,1,0,0,1,0,1,1,0,0,0,0,1,1,1,0,1,0,0,0
NOR,6,B,river,cold-wet,cold,wet,0,1,0,0,1,0,1,1,0,0,1,0,0,0,0,1,1,0,0,0,1,0,0
NOR,6,B,river,cold-wet,cold,wet,0,1,0,0,1,0,1,1,0,1,1,0,0,0,0,0,1,0,0,1,1,0,0
NOR,6,B,river,cold-wet,cold,wet,0,0,1,0,0,1,0,1,0,1,1,0,0,0,0,1,1,0,1,0,0,0,0
NOR,6,B,river,cold-wet,cold,wet,0,0,1,0,0,1,0,1,0,1,1,0,0,0,0,1,0,0,0,1,0,1,0
NOR,6,B,river,cold-wet,cold,wet,0,0,1,0,1,0,0,1,1,1,1,0,0,0,0,0,1,0,1,0,0,0,0
NOR,6,B,river,cold-wet,cold,wet,0,1,0,0,1,0,0,1,1,1,1,0,0,1,1,1,1,0,0,0,1,0,0
NOR,6,B,river,cold-wet,cold,wet,0,0,1,0,0,1,0,1,0,1,1,0,0,0,0,0,1,0,0,0,0,0,0
NOR,6,B,river,cold-wet,cold,wet,0,1,0,0,1,0,0,1,0,1,0,0,0,0,0,0,1,0,0,1,0,0,1
NOR,6,B,river,cold-wet,cold,wet,0,0,1,0,1,0,1,1,0,0,1,0,0,0,0,1,1,0,0,0,1,0,1
NOR,6,B,river,cold-wet,cold,wet,0,1,0,0,1,0,0,1,1,1,0,0,0,0,1,0,0,0,0,0,0,0,0
NOR,6,B,river,cold-wet,cold,wet,0,0,1,0,0,1,0,0,1,1,1,0,0,0,0,1,1,0,1,0,0,0,0
NOR,6,B,river,cold-wet,cold,wet,0,0,1,0,0,1,1,1,0,0,1,0,0,0,0,0,0,1,1,1,0,0,0
NOR,6,B,river,cold-wet,cold,wet,0,0,1,0,0,1,0,1,0,0,1,0,0,0,0,1,0,0,1,1,1,0,0
NOR,6,B,river,cold-wet,cold,wet,0,0,1,0,0,1,0,0,1,1,1,0,1,0,0,1,0,0,0,0,0,0,0
NOR,6,B,river,cold-wet,cold,wet,0,0,1,0,0,1,0,1,1,0,0,0,0,0,0,0,1,0,1,1,0,0,0
NOR,6,B,river,cold-wet,cold,wet,0,1,0,0,0,1,1,1,0,0,1,0,0,0,0,0,1,0,0,1,0,0,0
NOR,6,B,river,cold-wet,cold,wet,0,0,1,0,0,1,0,1,0,1,1,0,0,0,0,0,1,1,0,0,0,0,0
NOR,6,B,river,cold-wet,cold,wet,0,1,0,0,0,1,0,1,0,0,1,0,0,0,1,0,0,0,0,0,0,0,0
NOR,6,B,river,cold-wet,cold,wet,0,1,0,0,1,0,0,1,1,0,1,0,0,0,0,1,1,0,1,0,0,0,1
NOR,6,B,river,cold-wet,cold,wet,0,0,1,0,0,1,0,1,0,1,1,0,0,0,1,1,1,0,0,0,1,0,0
NOR,6,B,river,cold-wet,cold,wet,0,0,1,0,1,0,0,1,0,1,1,0,0,0,1,0,1,1,1,0,0,0,0
NOR,6,B,river,cold-wet,cold,wet,0,1,0,0,1,0,0,1,0,1,1,0,0,0,0,1,1,1,1,1,1,0,0
NOR,6,B,river,cold-wet,cold,wet,0,0,1,1,0,0,0,0,1,1,1,1,0,0,0,1,1,1,0,0,0,0,0
IGNF,7,A,river,hot-dry,hot,dry,0,0,1,0,0,1,0,1,0,1,1,0,1,0,0,0,0,0,0,0,0,0,0
IGNF,7,A,river,hot-dry,hot,dry,0,1,0,0,1,0,0,0,0,1,1,0,0,0,0,0,0,0,0,0,1,0,1
IGNF,7,A,river,hot-dry,hot,dry,0,0,1,0,0,1,0,1,0,0,1,0,1,0,0,0,1,0,1,0,0,0,1
IGNF,7,A,river,hot-dry,hot,dry,0,0,1,0,1,0,1,1,0,1,1,0,0,0,1,0,1,0,0,0,0,0,0
IGNF,7,A,river,hot-dry,hot,dry,0,1,0,0,0,1,0,1,0,0,1,0,0,0,0,0,0,0,0,0,1,0,1
IGNF,7,A,river,hot-dry,hot,dry,0,0,1,0,0,1,0,0,0,0,1,0,0,0,0,0,1,0,0,0,0,0,0
IGNF,7,A,river,hot-dry,hot,dry,0,0,1,0,0,1,0,1,1,1,1,0,1,0,0,0,0,0,0,0,0,0,0
IGNF,7,A,river,hot-dry,hot,dry,0,0,1,0,1,0,0,0,0,0,1,0,1,0,0,1,0,0,0,0,0,0,0
IGNF,7,A,river,hot-dry,hot,dry,0,1,0,0,1,0,1,1,0,0,1,0,0,0,1,1,1,0,0,0,1,0,0
IGNF,7,A,river,hot-dry,hot,dry,0,0,1,0,0,1,0,1,0,1,1,0,0,1,0,0,0,0,0,0,1,0,0
IGNF,7,A,river,hot-dry,hot,dry,0,1,0,0,1,0,0,1,0,0,1,0,0,0,0,1,1,0,1,0,0,0,0
IGNF,7,A,river,hot-dry,hot,dry,0,1,0,0,0,1,0,1,0,1,1,0,0,0,1,1,1,0,0,0,0,0,0
IGNF,7,A,river,hot-dry,hot,dry,0,1,0,0,1,0,0,1,0,1,1,0,0,0,0,0,1,0,0,0,0,0,1
IGNF,7,A,river,hot-dry,hot,dry,0,0,1,0,1,0,0,1,0,1,1,0,0,0,0,0,0,0,0,0,1,0,1
IGNF,7,A,river,hot-dry,hot,dry,0,1,0,0,1,0,1,1,0,0,1,0,0,0,0,0,1,0,0,1,1,0,0
IGNF,7,A,river,hot-dry,hot,dry,0,1,0,0,0,1,0,1,0,0,1,0,0,0,0,0,1,0,0,1,1,0,0
IGNF,7,A,river,hot-dry,hot,dry,0,0,1,0,1,0,0,1,0,1,0,0,0,0,1,0,1,0,1,0,0,0,0
IGNF,7,A,river,hot-dry,hot,dry,0,0,1,0,0,1,0,1,0,0,1,0,0,0,1,0,0,0,0,0,0,0,0
IGNF,7,A,river,hot-dry,hot,dry,0,1,0,0,1,0,0,0,0,1,1,0,0,0,0,0,0,1,0,0,0,0,0
IGNF,7,A,river,hot-dry,hot,dry,1,0,0,0,0,1,0,1,0,1,1,0,0,0,0,1,1,0,0,0,1,0,1
IGNF,7,A,river,hot-dry,hot,dry,0,1,0,0,0,1,1,1,0,1,0,0,0,0,0,1,1,0,0,0,0,0,0
IGNF,7,A,river,hot-dry,hot,dry,0,1,0,0,1,0,0,1,0,1,1,0,1,0,1,0,1,0,0,0,1,0,0
IGNF,7,A,river,hot-dry,hot,dry,0,1,0,0,0,1,1,1,0,1,1,0,0,0,0,0,1,0,0,0,0,0,0
IGNF,7,A,river,hot-dry,hot,dry,0,0,1,0,1,0,0,1,0,0,0,0,0,0,0,1,1,0,0,0,0,1,1
IGNF,7,A,river,hot-dry,hot,dry,0,0,1,0,0,1,1,1,0,1,1,0,0,0,0,1,1,0,1,0,0,0,0
RP-16,8,A,river,cold-dry,cold,dry,0,1,0,0,0,1,0,1,0,1,1,0,0,0,0,1,0,0,1,0,1,0,0
RP-16,8,A,river,cold-dry,cold,dry,1,0,0,1,0,0,1,1,0,0,1,0,0,0,0,0,0,0,0,1,1,0,0
RP-16,8,A,river,cold-dry,cold,dry,0,1,0,0,1,0,0,0,1,1,1,0,0,0,0,0,0,0,0,1,1,1,0
RP-16,8,A,river,cold-dry,cold,dry,0,0,1,0,1,0,1,1,0,0,0,0,0,0,0,0,1,0,0,0,0,0,0
RP-16,8,A,river,cold-dry,cold,dry,0,0,1,0,0,1,0,1,0,1,0,1,0,0,0,0,0,0,0,0,0,1,0
RP-16,8,A,river,cold-dry,cold,dry,1,0,0,1,0,0,0,1,0,1,1,0,0,0,1,1,1,0,0,0,1,0,1
RP-16,8,A,river,cold-dry,cold,dry,0,0,1,0,0,1,0,1,0,1,1,0,0,0,0,1,0,0,0,0,0,0,0
RP-16,8,A,river,cold-dry,cold,dry,0,1,0,0,1,0,0,1,0,0,1,0,0,0,0,1,0,0,0,0,0,0,0
RP-16,8,A,river,cold-dry,cold,dry,0,0,1,0,1,0,1,1,0,1,0,0,1,0,0,0,0,0,0,0,0,0,0
RP-16,8,A,river,cold-dry,cold,dry,0,0,1,0,1,0,0,0,0,1,1,0,0,0,0,0,0,0,1,0,0,0,0
RP-16,8,A,river,cold-dry,cold,dry,0,0,1,0,1,0,0,1,1,0,1,0,0,0,0,1,1,0,0,0,0,0,0
RP-16,8,A,river,cold-dry,cold,dry,0,0,1,0,0,1,0,0,1,1,1,0,0,0,0,1,1,0,0,0,0,0,0
RP-16,8,A,river,cold-dry,cold,dry,0,1,0,0,1,0,1,1,0,1,1,0,0,0,0,1,0,0,0,0,0,0,0
RP-16,8,A,river,cold-dry,cold,dry,0,1,0,0,1,0,0,1,0,1,0,0,0,0,0,0,0,0,0,0,1,0,0
RP-16,8,A,river,cold-dry,cold,dry,0,1,0,0,1,0,0,1,0,0,1,0,0,0,0,0,1,0,1,0,1,0,0
RP-16,8,A,river,cold-dry,cold,dry,0,1,0,0,1,0,0,1,0,1,0,1,0,0,0,0,1,1,0,0,1,0,0
RP-16,8,A,river,cold-dry,cold,dry,0,1,0,0,1,0,1,0,1,1,1,0,0,0,0,1,0,0,1,0,0,0,0
RP-16,8,A,river,cold-dry,cold,dry,0,1,0,0,1,0,1,0,0,1,1,0,0,0,0,0,1,0,1,0,0,0,0
RP-16,8,A,river,cold-dry,cold,dry,0,0,1,0,1,0,0,1,0,0,0,0,0,1,0,1,0,0,0,0,0,0,0
RP-16,8,A,river,cold-dry,cold,dry,0,1,0,0,1,0,1,1,0,1,0,0,0,0,0,0,1,0,1,0,0,0,0
RP-16,8,A,river,cold-dry,cold,dry,0,1,0,0,0,1,1,0,0,1,0,0,0,0,0,1,0,0,0,0,1,0,0
RP-16,8,A,river,cold-dry,cold,dry,0,1,0,0,1,0,0,1,0,1,1,0,0,1,0,1,1,0,0,0,0,0,0
RP-16,8,A,river,cold-dry,cold,dry,0,1,0,0,0,1,0,1,0,1,1,0,0,0,0,0,1,0,1,0,1,0,0
RP-16,8,A,river,cold-dry,cold,dry,1,0,0,0,1,0,1,1,0,1,1,0,0,0,0,1,0,0,1,0,1,0,0
RP-16,8,A,river,cold-dry,cold,dry,1,0,0,0,1,0,0,0,0,1,1,0,0,0,0,0,1,0,0,0,0,0,0
IGNF,11,B,river,hot-dry,hot,dry,0,0,1,0,1,0,1,0,0,1,0,0,0,0,0,0,0,0,1,0,0,0,1
IGNF,11,B,river,hot-dry,hot,dry,0,0,1,0,1,0,1,0,0,0,1,0,0,0,0,1,1,0,0,0,1,0,0
IGNF,11,B,river,hot-dry,hot,dry,0,0,1,0,1,0,1,0,0,0,0,0,0,0,0,0,1,0,0,0,0,0,0
IGNF,11,B,river,hot-dry,hot,dry,0,0,1,0,1,0,0,1,1,1,1,0,1,1,1,0,0,1,0,0,0,0,0
IGNF,11,B,river,hot-dry,hot,dry,0,0,1,0,0,1,0,1,0,1,1,0,0,0,0,0,1,0,1,0,0,1,1
IGNF,11,B,river,hot-dry,hot,dry,0,0,1,0,0,1,1,0,0,1,1,0,1,0,0,1,1,0,1,0,0,0,0
IGNF,11,B,river,hot-dry,hot,dry,0,0,1,0,0,1,0,1,0,1,1,0,0,0,0,1,1,1,1,1,0,0,0
IGNF,11,B,river,hot-dry,hot,dry,0,0,1,0,1,0,0,1,0,0,1,0,0,0,0,1,1,0,1,1,0,1,0
IGNF,11,B,river,hot-dry,hot,dry,0,0,1,0,1,0,1,0,0,1,1,0,0,0,0,0,1,0,0,1,1,0,0
IGNF,11,B,river,hot-dry,hot,dry,0,0,1,0,1,0,1,1,0,0,1,0,0,0,0,1,1,0,0,0,0,0,0
IGNF,11,B,river,hot-dry,hot,dry,0,1,0,0,0,1,0,1,0,1,1,0,0,0,1,1,1,0,0,1,0,0,1
IGNF,11,B,river,hot-dry,hot,dry,0,0,1,0,1,0,0,1,0,1,1,0,0,0,1,1,1,0,1,1,0,0,0
IGNF,11,B,river,hot-dry,hot,dry,0,0,1,0,1,0,1,1,0,1,0,0,0,0,0,0,1,1,0,0,0,0,0
IGNF,11,B,river,hot-dry,hot,dry,0,1,0,0,1,0,1,1,0,1,1,0,0,0,0,1,0,0,1,0,1,0,1
IGNF,11,B,river,hot-dry,hot,dry,0,0,1,0,1,0,0,0,0,1,1,0,0,0,1,1,1,0,1,0,0,0,0
IGNF,11,B,river,hot-dry,hot,dry,0,1,0,0,1,0,1,1,0,0,0,0,0,0,0,0,0,0,0,0,1,0,0
IGNF,11,B,river,hot-dry,hot,dry,0,0,1,0,1,0,0,1,0,1,1,1,0,0,0,1,0,0,0,0,0,0,1
IGNF,11,B,river,hot-dry,hot,dry,0,1,0,0,1,0,1,1,0,0,0,0,0,0,0,0,0,0,0,0,1,0,0
IGNF,11,B,river,hot-dry,hot,dry,0,1,0,0,0,1,1,0,0,1,0,0,0,0,1,0,1,0,1,0,0,1,0
IGNF,11,B,river,hot-dry,hot,dry,0,0,1,0,1,0,1,1,0,1,0,0,0,0,1,1,1,1,1,0,0,0,0
IGNF,11,B,river,hot-dry,hot,dry,0,0,1,0,1,0,0,0,0,1,1,0,0,0,0,1,0,0,0,0,0,0,1
IGNF,11,B,river,hot-dry,hot,dry,0,0,1,1,0,0,0,1,0,1,1,0,0,0,0,1,1,0,1,1,0,0,0
IGNF,11,B,river,hot-dry,hot,dry,0,0,1,0,1,0,1,1,0,0,0,0,0,0,0,1,1,0,0,0,0,0,0
IGNF,11,B,river,hot-dry,hot,dry,0,1,0,0,0,1,1,0,0,1,0,0,0,0,1,1,1,0,1,1,0,0,0
IGNF,11,B,river,hot-dry,hot,dry,0,0,1,0,0,1,1,1,0,1,1,0,0,0,0,0,0,0,0,1,0,0,0
RP-16,6,B,river,cold-dry,cold,dry,0,0,1,0,0,1,0,0,1,1,0,0,0,0,0,1,1,1,0,0,0,0,0
RP-16,6,B,river,cold-dry,cold,dry,0,0,1,0,0,1,0,1,0,1,0,0,0,0,0,1,0,1,1,0,0,0,0
RP-16,6,B,river,cold-dry,cold,dry,0,0,1,0,0,1,0,1,0,0,1,0,0,0,0,1,1,0,1,1,0,0,0
RP-16,6,B,river,cold-dry,cold,dry,1,0,0,0,1,0,1,1,0,1,0,1,0,0,0,0,1,0,0,0,0,0,0
RP-16,6,B,river,cold-dry,cold,dry,0,0,1,0,1,0,0,0,0,1,1,0,0,0,0,0,1,0,0,0,0,0,0
RP-16,6,B,river,cold-dry,cold,dry,0,1,0,0,1,0,0,1,0,0,1,0,0,0,0,1,0,0,0,0,0,0,0
RP-16,6,B,river,cold-dry,cold,dry,0,1,0,0,1,0,0,0,0,1,0,0,0,0,0,0,1,0,1,0,1,0,0
RP-16,6,B,river,cold-dry,cold,dry,0,1,0,0,1,0,0,0,1,0,1,0,0,0,0,1,1,0,0,0,1,0,0
RP-16,6,B,river,cold-dry,cold,dry,1,0,0,0,1,0,0,1,1,1,0,0,1,0,0,1,1,0,0,1,0,0,0
RP-16,6,B,river,cold-dry,cold,dry,0,1,0,0,1,0,0,1,0,0,0,0,0,0,0,1,0,0,0,0,0,0,0
RP-16,6,B,river,cold-dry,cold,dry,0,1,0,0,0,1,0,0,0,1,1,0,0,0,0,1,1,0,0,1,0,0,0
RP-16,6,B,river,cold-dry,cold,dry,0,1,0,0,0,1,1,1,0,1,1,0,0,0,0,0,1,0,0,0,0,0,0
RP-16,6,B,river,cold-dry,cold,dry,1,0,0,0,1,0,0,1,0,1,1,0,0,0,0,0,1,0,1,0,0,0,0
RP-16,6,B,river,cold-dry,cold,dry,0,0,1,0,1,0,0,1,0,0,0,1,0,0,0,0,1,0,0,0,0,0,0
RP-16,6,B,river,cold-dry,cold,dry,0,1,0,0,1,0,0,1,1,1,0,0,0,0,0,1,1,0,1,0,0,0,0
RP-16,6,B,river,cold-dry,cold,dry,0,1,0,0,0,1,0,1,0,1,1,0,0,0,0,1,0,0,0,0,0,1,0
RP-16,6,B,river,cold-dry,cold,dry,1,0,0,0,1,0,0,1,0,0,1,0,0,0,0,0,1,0,0,1,0,0,0
RP-16,6,B,river,cold-dry,cold,dry,0,0,1,0,1,0,0,1,1,1,1,0,0,0,0,1,0,0,1,0,0,0,0
RP-16,6,B,river,cold-dry,cold,dry,0,1,0,0,1,0,0,1,0,1,0,1,0,0,0,0,1,1,1,0,1,0,0
RP-16,6,B,river,cold-dry,cold,dry,0,1,0,0,0,1,0,1,0,0,0,0,0,0,0,1,1,0,1,0,0,0,0
RP-16,6,B,river,cold-dry,cold,dry,0,1,0,0,0,1,0,1,0,1,1,0,0,0,0,1,1,0,0,0,0,1,0
RP-16,6,B,river,cold-dry,cold,dry,0,1,0,0,0,1,0,1,0,1,0,0,0,0,0,1,1,0,0,0,0,0,0
RP-16,6,B,river,cold-dry,cold,dry,0,0,1,0,1,0,1,1,0,0,1,0,0,0,0,1,1,1,0,0,0,0,0
RP-16,6,B,river,cold-dry,cold,dry,0,1,0,0,1,0,0,1,0,1,1,0,0,0,0,1,1,0,0,0,1,0,0
RP-16,6,B,river,cold-dry,cold,dry,0,1,0,0,1,0,0,1,0,0,0,0,0,0,0,1,1,0,0,0,0,0,0
RG,9,B,river,hot-wet,hot,wet,0,1,0,0,0,1,0,1,0,0,1,0,0,0,0,0,1,0,1,1,0,0,0
RG,9,B,river,hot-wet,hot,wet,0,0,1,0,0,1,1,1,0,0,1,0,0,0,0,0,0,0,0,0,0,0,0
RG,9,B,river,hot-wet,hot,wet,0,0,1,0,1,0,0,1,0,1,1,0,0,0,0,0,1,0,0,0,0,0,1
RG,9,B,river,hot-wet,hot,wet,0,0,1,0,1,0,0,1,0,1,1,0,0,0,0,1,0,0,1,0,1,0,1
RG,9,B,river,hot-wet,hot,wet,0,1,0,0,1,0,1,1,0,0,0,0,0,0,1,0,0,0,0,0,0,0,0
RG,9,B,river,hot-wet,hot,wet,0,0,1,0,1,0,1,1,0,1,1,0,0,0,1,0,0,0,0,0,1,0,0
RG,9,B,river,hot-wet,hot,wet,0,0,1,0,1,0,1,1,0,1,0,0,0,0,0,0,0,0,1,0,0,0,0
RG,9,B,river,hot-wet,hot,wet,0,0,1,0,1,0,1,1,0,1,1,0,0,0,0,0,1,1,0,0,0,0,0
RG,9,B,river,hot-wet,hot,wet,0,0,1,1,0,0,1,0,0,1,1,0,0,0,1,0,0,0,0,0,0,0,1
RG,9,B,river,hot-wet,hot,wet,0,0,1,0,0,1,1,1,0,1,0,0,0,0,0,0,1,1,1,0,0,0,0
RG,9,B,river,hot-wet,hot,wet,0,0,1,1,0,0,0,1,0,1,1,0,0,0,0,0,0,0,1,1,0,0,0
RG,9,B,river,hot-wet,hot,wet,0,1,0,0,1,0,0,1,0,1,0,0,0,0,0,0,0,0,0,1,0,0,0
RG,9,B,river,hot-wet,hot,wet,0,0,1,0,1,0,1,1,0,1,1,0,0,0,0,0,1,0,0,0,0,0,0
RG,9,B,river,hot-wet,hot,wet,0,0,1,0,1,0,0,1,0,1,1,0,0,0,0,1,1,0,1,0,1,0,0
RG,9,B,river,hot-wet,hot,wet,0,1,0,0,1,0,1,1,0,1,1,0,0,0,0,0,0,1,0,1,0,0,0
RG,9,B,river,hot-wet,hot,wet,0,0,1,0,0,1,0,1,0,0,1,0,1,0,0,0,1,1,1,0,0,0,0
RG,9,B,river,hot-wet,hot,wet,0,1,0,0,1,0,0,1,0,1,1,0,0,0,0,0,0,0,0,1,0,0,0
RG,9,B,river,hot-wet,hot,wet,0,0,1,0,0,1,1,1,0,1,1,0,0,1,0,0,0,0,0,0,0,0,0
RG,9,B,river,hot-wet,hot,wet,0,0,1,0,0,1,1,1,0,0,1,0,0,0,1,0,0,0,0,0,0,0,0
RG,9,B,river,hot-wet,hot,wet,0,1,0,1,0,0,0,1,0,0,1,0,0,0,0,0,0,0,0,1,1,0,0
RG,9,B,river,hot-wet,hot,wet,0,0,1,0,0,1,0,1,0,0,1,0,0,0,0,1,0,1,0,0,0,0,0
RG,9,B,river,hot-wet,hot,wet,0,1,0,0,0,1,1,1,0,0,0,0,0,0,0,1,0,0,0,0,0,0,0
RG,9,B,river,hot-wet,hot,wet,0,1,0,0,1,0,1,1,0,1,0,0,0,0,0,0,1,0,0,1,0,0,0
RG,9,B,river,hot-wet,hot,wet,0,0,1,0,1,0,0,1,0,1,1,0,0,0,0,0,1,0,1,0,0,0,0
RG,9,B,river,hot-wet,hot,wet,0,1,0,0,0,1,0,1,0,1,1,0,0,0,1,0,0,0,0,0,1,0,0
NOR,3,B,river,cold-wet,cold,wet,0,1,0,0,1,0,0,0,0,1,1,0,0,1,0,0,1,1,0,0,1,0,0
NOR,3,B,river,cold-wet,cold,wet,0,1,0,0,0,1,0,1,0,1,1,0,0,0,0,1,0,0,0,0,1,0,0
NOR,3,B,river,cold-wet,cold,wet,0,1,0,0,1,0,0,1,0,0,1,0,0,0,0,0,0,0,1,0,1,0,0
NOR,3,B,river,cold-wet,cold,wet,0,1,0,0,1,0,0,1,0,1,1,0,0,0,1,0,1,0,1,0,0,0,0
NOR,3,B,river,cold-wet,cold,wet,0,1,0,0,1,0,0,1,0,1,1,0,0,0,0,0,1,0,1,1,1,0,0
NOR,3,B,river,cold-wet,cold,wet,0,0,1,0,0,1,0,1,0,1,0,0,0,0,0,1,0,0,1,0,0,0,0
NOR,3,B,river,cold-wet,cold,wet,0,0,1,0,1,0,0,1,0,1,1,0,0,0,0,0,1,0,1,0,1,1,0
NOR,3,B,river,cold-wet,cold,wet,0,1,0,0,1,0,0,1,0,0,1,0,0,0,1,1,1,0,0,0,0,1,0
NOR,3,B,river,cold-wet,cold,wet,0,1,0,0,0,1,0,1,0,0,0,0,0,0,0,0,0,0,0,0,0,0,0
NOR,3,B,river,cold-wet,cold,wet,0,1,0,0,1,0,0,1,0,0,1,0,0,0,0,1,1,0,0,0,1,0,0
NOR,3,B,river,cold-wet,cold,wet,0,0,1,0,0,1,1,1,0,0,1,0,0,0,0,1,1,0,0,0,1,0,0
NOR,3,B,river,cold-wet,cold,wet,0,1,0,0,1,0,0,1,0,1,0,0,0,0,0,1,0,0,0,1,0,0,0
NOR,3,B,river,cold-wet,cold,wet,0,0,1,0,1,0,0,1,0,0,1,0,0,0,0,0,1,0,1,0,0,0,0
NOR,3,B,river,cold-wet,cold,wet,0,1,0,0,0,1,0,1,0,1,0,0,0,0,0,0,1,0,0,0,0,0,0
NOR,3,B,river,cold-wet,cold,wet,0,0,1,1,0,0,1,0,0,1,1,0,0,0,0,0,0,0,1,0,0,0,1
NOR,3,B,river,cold-wet,cold,wet,0,0,1,0,0,1,0,1,0,1,1,0,0,0,0,1,1,1,0,1,0,0,0
NOR,3,B,river,cold-wet,cold,wet,0,1,0,0,1,0,0,0,0,0,1,0,0,0,0,1,1,0,0,0,0,0,0
NOR,3,B,river,cold-wet,cold,wet,0,0,1,0,0,1,1,1,0,1,1,0,0,0,0,1,0,0,0,0,1,0,0
NOR,3,B,river,cold-wet,cold,wet,0,1,0,0,0,1,0,1,0,0,1,0,0,0,0,1,1,0,1,0,1,0,0
NOR,3,B,river,cold-wet,cold,wet,0,0,1,0,0,1,0,1,0,1,1,0,0,0,0,1,0,0,1,0,0,0,0
NOR,3,B,river,cold-wet,cold,wet,0,0,1,0,0,1,1,1,0,1,1,0,0,0,0,1,1,0,0,1,0,0,0
NOR,3,B,river,cold-wet,cold,wet,0,1,0,0,1,0,1,1,0,1,1,0,0,0,0,1,1,0,1,0,1,0,0
NOR,3,B,river,cold-wet,cold,wet,0,1,0,0,1,0,0,0,0,1,1,0,0,0,0,1,1,0,1,1,0,0,0
NOR,3,B,river,cold-wet,cold,wet,0,0,1,0,1,0,0,0,1,0,1,0,0,0,0,1,1,1,0,0,0,0,0
NOR,3,B,river,cold-wet,cold,wet,0,1,0,0,0,1,0,0,0,1,1,0,0,0,0,0,0,0,1,0,0,0,0
NOR,7,B,river,cold-wet,cold,wet,0,0,1,0,1,0,0,0,0,1,1,0,0,0,0,1,0,0,0,0,1,0,0
NOR,7,B,river,cold-wet,cold,wet,0,1,0,0,1,0,0,1,0,1,1,0,0,0,1,1,1,0,0,1,1,1,0
NOR,7,B,river,cold-wet,cold,wet,0,1,0,0,0,1,1,1,0,1,1,0,0,0,0,1,1,0,0,0,0,0,0
NOR,7,B,river,cold-wet,cold,wet,0,0,1,1,0,0,0,0,1,1,1,0,0,0,0,0,1,0,0,0,0,0,0
NOR,7,B,river,cold-wet,cold,wet,0,1,0,1,0,0,1,0,0,0,1,0,0,0,1,1,1,0,0,0,0,0,0
NOR,7,B,river,cold-wet,cold,wet,0,0,1,0,1,0,1,1,0,1,1,0,0,0,0,0,1,0,0,0,0,0,0
NOR,7,B,river,cold-wet,cold,wet,0,1,0,0,0,1,0,1,1,0,1,0,0,0,0,1,1,0,0,1,1,0,0
NOR,7,B,river,cold-wet,cold,wet,0,1,0,0,0,1,1,1,0,0,1,1,0,0,0,1,0,0,0,0,0,0,0
NOR,7,B,river,cold-wet,cold,wet,0,0,1,0,1,0,0,1,0,1,1,0,0,0,0,0,1,1,0,0,0,0,0
NOR,7,B,river,cold-wet,cold,wet,0,1,0,0,0,1,1,1,0,0,1,0,0,0,0,1,1,0,0,0,1,0,0
NOR,7,B,river,cold-wet,cold,wet,0,0,1,0,1,0,0,1,0,0,1,0,0,0,0,1,1,0,0,0,0,0,0
NOR,7,B,river,cold-wet,cold,wet,0,1,0,0,0,1,1,1,0,0,1,0,0,0,0,0,1,0,0,1,1,0,1
NOR,7,B,river,cold-wet,cold,wet,0,1,0,0,1,0,0,1,0,1,1,0,0,0,0,1,1,0,0,0,0,0,0
NOR,7,B,river,cold-wet,cold,wet,0,0,1,0,0,1,1,0,0,0,1,0,1,0,0,0,1,1,0,0,0,0,0
NOR,7,B,river,cold-wet,cold,wet,0,1,0,0,0,1,1,0,0,1,1,0,0,0,1,0,1,0,0,0,1,0,0
NOR,7,B,river,cold-wet,cold,wet,0,0,1,0,1,0,0,1,0,0,1,0,0,0,0,1,1,0,0,0,1,0,0
NOR,7,B,river,cold-wet,cold,wet,0,0,1,0,0,1,0,1,0,0,1,0,0,0,0,0,1,0,0,1,0,0,0
NOR,7,B,river,cold-wet,cold,wet,0,1,0,0,1,0,0,1,1,0,0,0,0,0,0,0,1,0,0,0,1,0,0
NOR,7,B,river,cold-wet,cold,wet,0,0,1,0,0,1,1,1,1,0,1,0,0,0,0,1,0,0,0,0,0,0,0
NOR,7,B,river,cold-wet,cold,wet,0,1,0,0,0,1,1,1,0,1,0,0,0,0,0,1,0,0,0,1,0,0,0
NOR,7,B,river,cold-wet,cold,wet,0,0,1,0,1,0,0,0,0,1,1,0,0,0,0,1,1,0,0,0,0,0,0
NOR,7,B,river,cold-wet,cold,wet,0,0,1,0,1,0,0,1,0,1,1,0,0,0,0,1,1,0,0,0,0,0,0
NOR,7,B,river,cold-wet,cold,wet,0,0,1,0,1,0,0,1,0,1,0,0,0,0,0,0,0,1,1,0,0,0,0
NOR,7,B,river,cold-wet,cold,wet,0,1,0,0,0,1,1,1,0,0,0,0,0,0,0,1,1,1,0,0,1,0,0
NOR,7,B,river,cold-wet,cold,wet,0,0,1,0,1,0,0,0,1,1,1,0,0,0,1,1,1,0,0,0,0,0,0
RP-16,3,B,river,cold-dry,cold,dry,0,0,1,0,1,0,0,1,1,1,1,0,0,0,0,1,0,0,0,0,0,0,0
RP-16,3,B,river,cold-dry,cold,dry,1,0,0,0,1,0,0,1,0,1,0,0,0,0,0,1,1,0,0,0,0,0,0
RP-16,3,B,river,cold-dry,cold,dry,0,0,1,0,0,1,0,1,0,1,1,0,0,0,0,0,0,0,0,0,0,0,0
RP-16,3,B,river,cold-dry,cold,dry,0,1,0,0,1,0,0,1,1,0,1,1,0,0,0,0,1,0,0,0,0,0,0
RP-16,3,B,river,cold-dry,cold,dry,0,0,1,0,0,1,0,1,0,1,0,0,0,0,0,1,1,0,0,0,0,0,0
RP-16,3,B,river,cold-dry,cold,dry,0,0,1,0,0,1,0,1,0,0,1,0,0,0,0,1,0,0,0,0,0,0,0
RP-16,3,B,river,cold-dry,cold,dry,0,1,0,0,0,1,0,1,0,1,1,0,0,0,0,1,1,1,1,0,0,0,0
RP-16,3,B,river,cold-dry,cold,dry,0,1,0,0,0,1,0,1,0,1,1,0,0,0,0,0,1,1,1,1,1,0,0
RP-16,3,B,river,cold-dry,cold,dry,0,1,0,0,1,0,0,1,0,1,1,0,0,0,0,1,0,0,0,1,0,0,0
RP-16,3,B,river,cold-dry,cold,dry,0,0,1,0,0,1,1,0,0,1,0,0,0,0,0,0,1,0,1,0,0,0,0
RP-16,3,B,river,cold-dry,cold,dry,0,0,1,0,1,0,0,1,0,0,1,0,0,0,0,0,0,0,1,1,0,0,0
RP-16,3,B,river,cold-dry,cold,dry,0,0,1,0,0,1,0,1,1,1,1,0,0,0,0,0,1,1,0,0,0,0,0
RP-16,3,B,river,cold-dry,cold,dry,0,1,0,0,1,0,0,1,0,1,1,0,0,0,0,1,0,0,1,0,0,0,0
RP-16,3,B,river,cold-dry,cold,dry,0,1,0,0,0,1,0,1,0,1,1,0,0,0,0,0,1,0,1,1,1,0,0
RP-16,3,B,river,cold-dry,cold,dry,0,1,0,0,1,0,0,1,0,0,1,0,0,0,0,0,1,0,1,0,1,0,0
RP-16,3,B,river,cold-dry,cold,dry,0,0,1,0,0,1,0,1,0,1,0,0,0,0,0,1,0,0,1,0,0,0,0
RP-16,3,B,river,cold-dry,cold,dry,0,1,0,0,0,1,0,1,0,1,0,0,0,0,0,0,1,0,0,1,0,1,0
RP-16,3,B,river,cold-dry,cold,dry,0,1,0,0,1,0,0,1,0,0,1,0,0,0,0,1,0,0,1,0,1,0,0
RP-16,3,B,river,cold-dry,cold,dry,0,0,1,0,0,1,1,1,1,1,1,0,0,0,0,0,1,0,1,0,0,0,0
RP-16,3,B,river,cold-dry,cold,dry,0,0,1,0,1,0,0,1,0,1,0,0,0,0,0,1,1,0,1,0,0,0,0
RP-16,3,B,river,cold-dry,cold,dry,0,0,1,0,0,1,0,1,0,1,1,0,0,0,0,0,1,1,0,0,0,0,0
RP-16,3,B,river,cold-dry,cold,dry,0,0,1,0,1,0,0,1,0,1,1,0,0,0,0,0,1,0,0,0,0,0,0
RP-16,3,B,river,cold-dry,cold,dry,0,0,1,0,0,1,0,1,1,1,1,0,0,0,1,0,0,0,0,0,0,0,0
RP-16,3,B,river,cold-dry,cold,dry,0,0,1,0,1,0,0,0,0,0,1,0,0,0,0,0,1,1,1,0,0,0,0
RP-16,3,B,river,cold-dry,cold,dry,0,1,0,0,1,0,0,1,0,1,1,1,0,0,0,0,1,0,0,0,1,0,0
NOR,5,A,river,cold-wet,cold,wet,0,0,1,0,0,1,0,1,0,1,1,0,0,0,0,0,0,1,1,0,0,0,0
NOR,5,A,river,cold-wet,cold,wet,0,1,0,0,1,0,0,0,0,0,1,0,0,0,0,0,1,1,0,0,0,0,0
NOR,5,A,river,cold-wet,cold,wet,0,1,0,0,1,0,1,1,0,0,1,0,0,0,0,1,1,0,0,1,1,0,1
NOR,5,A,river,cold-wet,cold,wet,0,0,1,0,1,0,0,0,1,1,1,0,0,1,0,0,1,1,0,0,0,0,1
NOR,5,A,river,cold-wet,cold,wet,0,1,0,0,1,0,1,1,0,1,1,0,0,0,1,1,0,0,1,0,0,0,0
NOR,5,A,river,cold-wet,cold,wet,0,0,1,0,0,1,1,1,0,0,1,1,0,0,0,0,1,0,0,0,0,0,0
NOR,5,A,river,cold-wet,cold,wet,0,1,0,0,0,1,1,1,1,1,0,0,0,0,0,0,0,0,0,0,1,0,0
NOR,5,A,river,cold-wet,cold,wet,0,1,0,0,1,0,1,1,0,1,1,0,0,0,0,1,0,0,0,1,1,0,0
NOR,5,A,river,cold-wet,cold,wet,0,1,0,0,0,1,0,1,0,1,1,0,0,0,0,1,1,0,0,0,1,0,0
NOR,5,A,river,cold-wet,cold,wet,0,1,0,0,1,0,1,1,0,0,1,0,1,0,0,0,1,0,1,1,0,0,0
NOR,5,A,river,cold-wet,cold,wet,0,0,1,0,1,0,0,0,0,1,1,0,0,0,1,1,1,0,0,1,0,0,1
NOR,5,A,river,cold-wet,cold,wet,0,0,1,0,1,0,0,1,0,0,0,0,0,0,1,0,0,0,1,0,1,0,0
NOR,5,A,river,cold-wet,cold,wet,0,0,1,0,0,1,0,1,0,1,1,0,0,0,0,0,0,1,0,1,1,0,0
NOR,5,A,river,cold-wet,cold,wet,0,1,0,0,0,1,1,1,0,1,0,0,0,0,0,0,1,0,0,0,0,0,0
NOR,5,A,river,cold-wet,cold,wet,0,0,1,0,0,1,0,0,0,1,0,1,0,0,1,0,0,0,1,0,0,0,0
NOR,5,A,river,cold-wet,cold,wet,0,0,1,0,0,1,1,1,0,1,0,0,0,0,1,0,0,0,0,0,0,1,0
NOR,5,A,river,cold-wet,cold,wet,0,1,0,0,0,1,1,1,0,0,0,0,0,0,1,0,1,0,1,0,1,0,0
NOR,5,A,river,cold-wet,cold,wet,0,1,0,0,1,0,0,0,0,1,1,0,0,0,0,1,1,0,0,0,0,0,0
NOR,5,A,river,cold-wet,cold,wet,0,0,1,0,0,1,1,1,0,0,0,0,0,0,0,1,1,1,0,1,0,0,0
NOR,5,A,river,cold-wet,cold,wet,1,0,0,0,1,0,1,1,0,0,1,0,0,0,0,0,0,0,1,1,1,0,0
NOR,5,A,river,cold-wet,cold,wet,0,0,1,0,1,0,0,1,0,1,1,0,0,0,0,1,1,0,0,0,0,0,0
NOR,5,A,river,cold-wet,cold,wet,0,1,0,0,1,0,1,1,0,0,1,0,0,0,1,0,1,0,1,1,0,0,0
NOR,5,A,river,cold-wet,cold,wet,0,0,1,0,0,1,1,1,1,1,1,0,0,0,0,1,1,0,0,0,0,0,0
NOR,5,A,river,cold-wet,cold,wet,0,0,1,0,0,1,1,1,1,0,1,0,0,0,0,0,1,0,1,0,0,0,0
NOR,5,A,river,cold-wet,cold,wet,0,0,1,0,1,0,0,1,0,1,1,1,0,0,0,0,1,0,0,0,0,0,0
IGNF,13,A,river,hot-dry,hot,dry,0,0,1,0,1,0,0,1,0,1,1,0,0,0,0,1,0,0,1,0,0,0,0
IGNF,13,A,river,hot-dry,hot,dry,0,0,1,0,1,0,1,0,0,0,0,0,0,0,0,1,0,0,0,1,0,0,1
IGNF,13,A,river,hot-dry,hot,dry,0,0,1,0,0,1,0,1,0,0,1,0,0,0,0,0,1,0,0,0,0,1,0
IGNF,13,A,river,hot-dry,hot,dry,0,0,1,0,1,0,0,0,0,0,1,0,0,0,1,0,0,0,1,0,0,0,0
IGNF,13,A,river,hot-dry,hot,dry,0,0,1,0,1,0,0,1,0,0,0,0,0,0,0,0,1,0,1,1,0,0,1
IGNF,13,A,river,hot-dry,hot,dry,0,0,1,0,1,0,0,1,0,0,1,0,0,0,0,1,0,1,1,0,1,0,0
IGNF,13,A,river,hot-dry,hot,dry,0,1,0,0,0,1,1,1,0,0,1,0,0,0,0,1,0,0,1,0,1,0,0
IGNF,13,A,river,hot-dry,hot,dry,0,0,1,0,1,0,0,0,1,1,1,0,0,0,0,1,0,0,0,0,0,0,0
IGNF,13,A,river,hot-dry,hot,dry,0,0,1,0,1,0,0,1,0,1,1,0,0,0,0,1,0,0,1,0,0,0,0
IGNF,13,A,river,hot-dry,hot,dry,0,0,1,0,1,0,0,1,0,1,1,0,0,0,0,0,0,0,0,0,1,0,0
IGNF,13,A,river,hot-dry,hot,dry,0,1,0,0,0,1,0,1,0,0,1,0,0,0,0,1,1,0,1,0,1,0,0
IGNF,13,A,river,hot-dry,hot,dry,0,0,1,0,1,0,0,0,1,0,0,0,0,0,0,1,1,0,0,0,0,0,1
IGNF,13,A,river,hot-dry,hot,dry,0,0,1,0,1,0,0,1,0,1,1,0,0,0,0,0,1,0,1,0,0,0,0
IGNF,13,A,river,hot-dry,hot,dry,0,0,1,0,0,1,0,1,0,1,1,0,1,0,0,0,1,0,1,0,0,0,0
IGNF,13,A,river,hot-dry,hot,dry,0,0,1,0,1,0,0,1,0,0,1,0,0,0,0,1,1,0,0,0,0,0,0
IGNF,13,A,river,hot-dry,hot,dry,0,0,1,0,0,1,0,1,1,1,1,0,0,0,0,0,0,0,0,1,1,0,0
IGNF,13,A,river,hot-dry,hot,dry,0,0,1,0,0,1,0,0,0,1,0,0,1,0,0,1,1,0,1,1,0,0,0
IGNF,13,A,river,hot-dry,hot,dry,0,0,1,0,1,0,1,1,0,1,1,0,0,0,0,0,1,0,0,1,0,1,0
IGNF,13,A,river,hot-dry,hot,dry,0,1,0,0,1,0,0,1,0,0,1,0,1,0,0,1,0,0,0,1,1,0,0
IGNF,13,A,river,hot-dry,hot,dry,0,1,0,0,1,0,0,1,0,1,1,0,0,0,0,1,1,0,0,1,1,0,0
IGNF,13,A,river,hot-dry,hot,dry,0,1,0,0,1,0,1,1,0,1,1,0,0,0,0,0,1,0,1,0,1,0,0
IGNF,13,A,river,hot-dry,hot,dry,0,1,0,0,1,0,0,1,0,0,1,0,0,0,1,1,1,0,0,0,0,0,0
IGNF,13,A,river,hot-dry,hot,dry,0,0,1,0,1,0,0,0,1,0,1,0,0,0,0,0,1,0,0,1,1,0,0
IGNF,13,A,river,hot-dry,hot,dry,0,0,1,0,0,1,0,1,0,1,1,0,0,0,0,1,0,0,1,0,0,0,0
IGNF,13,A,river,hot-dry,hot,dry,0,0,1,0,1,0,1,0,0,1,1,1,0,0,0,1,0,0,1,0,0,0,0
RG,15,A,river,hot-wet,hot,wet,0,1,0,0,1,0,1,1,0,1,0,0,0,0,0,1,0,0,0,1,1,0,0
RG,15,A,river,hot-wet,hot,wet,0,1,0,0,0,1,1,1,0,1,0,0,0,0,0,0,1,0,1,0,1,0,0
RG,15,A,river,hot-wet,hot,wet,0,1,0,0,1,0,0,1,0,0,1,0,0,0,1,1,0,0,1,1,0,0,0
RG,15,A,river,hot-wet,hot,wet,0,1,0,0,1,0,0,1,0,1,0,0,0,0,0,1,0,0,1,1,1,0,0
RG,15,A,river,hot-wet,hot,wet,0,1,0,0,0,1,1,1,0,1,1,0,0,0,0,0,1,0,1,1,1,0,0
RG,15,A,river,hot-wet,hot,wet,0,0,1,0,0,1,1,1,0,1,1,0,0,0,0,0,1,0,1,1,0,0,0
RG,15,A,river,hot-wet,hot,wet,0,1,0,0,0,1,1,1,0,0,0,0,0,0,0,0,0,0,1,0,0,0,0
RG,15,A,river,hot-wet,hot,wet,0,0,1,0,0,1,0,1,0,1,1,0,0,0,0,1,0,1,0,0,0,0,0
RG,15,A,river,hot-wet,hot,wet,0,1,0,0,1,0,1,1,0,1,1,0,0,0,0,1,1,0,1,0,1,0,0
RG,15,A,river,hot-wet,hot,wet,0,0,1,0,0,1,1,1,1,1,0,0,0,0,0,1,0,0,0,1,0,1,0
RG,15,A,river,hot-wet,hot,wet,0,0,1,0,1,0,1,1,0,0,1,0,0,0,1,1,1,0,0,0,0,0,0
RG,15,A,river,hot-wet,hot,wet,0,0,1,0,0,1,1,1,1,1,1,0,0,0,0,1,0,0,0,1,0,0,0
RG,15,A,river,hot-wet,hot,wet,0,0,1,0,0,1,1,1,0,1,1,0,0,0,0,1,0,0,1,0,0,0,0
RG,15,A,river,hot-wet,hot,wet,0,1,0,0,1,0,1,1,0,1,1,0,0,0,0,0,0,0,0,1,1,0,0
RG,15,A,river,hot-wet,hot,wet,0,0,1,0,0,1,0,1,0,1,0,0,0,0,0,1,1,0,0,1,0,0,0
RG,15,A,river,hot-wet,hot,wet,0,0,1,0,1,0,1,0,0,1,1,0,0,0,0,0,0,0,1,0,0,0,0
RG,15,A,river,hot-wet,hot,wet,0,0,1,0,1,0,0,1,0,1,1,0,0,0,0,1,0,1,1,1,0,0,0
RG,15,A,river,hot-wet,hot,wet,0,0,1,0,0,1,0,1,0,1,1,0,0,0,0,1,1,0,0,0,1,0,0
RG,15,A,river,hot-wet,hot,wet,0,1,0,0,1,0,1,1,0,1,1,0,0,0,0,0,0,0,0,1,1,0,0
RG,15,A,river,hot-wet,hot,wet,0,1,0,0,1,0,0,1,0,1,0,0,0,0,0,0,0,0,0,1,1,1,0
RG,15,A,river,hot-wet,hot,wet,0,0,1,0,1,0,0,1,0,1,1,0,0,0,0,1,0,1,0,0,0,0,0
RG,15,A,river,hot-wet,hot,wet,0,1,0,0,1,0,1,1,0,1,1,0,0,0,0,1,1,0,0,0,0,0,0
RG,15,A,river,hot-wet,hot,wet,0,0,1,0,1,0,1,1,0,1,0,0,0,0,0,1,0,0,1,0,1,0,0
RG,15,A,river,hot-wet,hot,wet,0,1,0,0,1,0,0,1,0,1,1,0,0,0,0,0,0,1,0,0,1,0,0
RG,15,A,river,hot-wet,hot,wet,0,0,1,0,1,0,1,1,0,0,1,0,0,0,0,0,0,1,0,0,0,0,0
