Rounded to Sub-Rounded,Sub Rounded to Sub Angular,Sub Angular to Angular,Low Relief,Medium Relief,High Relief,Precipitation Features,Dissolution Etching,Fracture Faces,Subparallel Linear Features,Conchoidal Fractures,Curved Grooves,Straight Grooves,Deep Troughs,Crescentic Gouges,Arc Shaped Steps,Linear Steps,Sharp Angular Features,Upturned Plates,V Shaped,Edge Rounding,Breakage Blocks,Abrasion Features,location,set,a_b
0,1,0,0,1,0,0,1,0,1,0,0,0,0,0,1,0,0,0,1,1,0,0,ELVA,5,B
0,1,0,0,1,0,1,0,1,1,1,0,0,0,1,0,1,0,0,0,1,0,0,ELVA,5,B
0,0,1,0,1,0,0,1,0,1,1,0,0,0,0,1,0,0,0,0,0,0,0,ELVA,5,B
0,0,1,0,1,0,0,1,1,1,1,0,0,0,0,1,1,1,1,0,0,0,0,ELVA,5,B
0,0,1,0,1,0,0,1,0,1,0,0,0,0,0,1,1,0,0,1,0,0,0,ELVA,5,B
0,0,1,0,0,1,1,1,0,0,0,0,0,0,0,1,0,1,0,0,0,0,0,ELVA,5,B
0,1,0,0,1,0,0,1,0,1,1,0,0,0,0,1,0,0,0,0,0,0,0,ELVA,5,B
0,1,0,0,1,0,0,1,0,1,1,0,0,0,0,0,1,0,1,1,1,0,0,ELVA,5,B
0,0,1,0,1,0,0,1,0,1,1,0,0,0,0,1,1,0,0,0,0,0,0,ELVA,5,B
0,0,1,0,1,0,0,1,0,0,1,0,0,0,0,1,1,0,0,0,0,0,0,ELVA,5,B
0,0,1,1,0,0,0,1,0,0,1,0,0,0,1,0,1,0,0,0,0,0,0,ELVA,5,B
0,1,0,0,1,0,1,1,0,0,1,0,0,0,0,1,1,0,0,1,1,0,0,ELVA,5,B
0,0,1,0,1,0,0,1,0,1,1,0,0,0,0,0,0,0,1,0,0,1,1,ELVA,5,B
0,0,1,0,1,0,1,1,0,0,1,0,0,0,1,0,1,0,0,0,0,0,0,ELVA,5,B
0,0,1,0,1,0,1,1,0,1,1,0,0,0,0,0,1,0,0,1,1,0,1,ELVA,5,B
0,0,1,0,1,0,0,1,0,0,1,0,0,0,0,1,1,0,1,0,0,0,0,ELVA,5,B
0,0,1,0,1,0,0,1,0,1,1,0,0,0,1,0,1,1,0,1,0,0,0,ELVA,5,B
0,1,0,0,1,0,1,0,0,1,1,0,0,0,0,0,0,0,1,0,0,0,0,ELVA,5,B
0,1,0,0,0,1,0,1,0,1,1,0,0,0,0,0,1,0,0,0,1,0,0,ELVA,5,B
0,0,1,0,1,0,1,1,0,0,0,0,0,0,0,1,1,0,1,1,0,0,0,ELVA,5,B
0,1,0,0,1,0,1,1,0,1,1,0,0,0,0,1,0,0,0,1,1,0,0,ELVA,5,B
0,0,1,1,0,0,1,1,0,1,1,0,0,0,0,1,1,0,1,0,0,0,0,ELVA,5,B
0,1,0,0,1,0,0,1,0,1,1,0,0,0,0,0,1,0,1,0,1,0,0,ELVA,5,B
0,0,1,1,0,0,0,1,0,1,0,0,0,0,0,1,1,0,1,0,0,0,0,ELVA,5,B
0,1,0,0,1,0,0,1,0,1,1,0,0,0,0,1,1,0,0,0,0,0,1,ELVA,5,B
0,1,0,0,1,0,0,1,0,1,1,0,0,0,0,0,1,0,1,0,0,0,0,RP-16,3,A
0,1,0,0,1,0,0,1,0,0,0,0,0,0,0,0,1,0,1,0,0,0,0,RP-16,3,A
0,1,0,0,0,1,0,1,0,1,1,0,0,0,0,1,1,0,0,0,0,0,0,RP-16,3,A
0,1,0,0,1,0,0,0,1,1,0,0,0,0,0,1,1,0,0,0,1,0,0,RP-16,3,A
0,1,0,0,0,1,0,1,0,0,0,0,0,0,0,1,1,0,0,0,1,0,0,RP-16,3,A
0,1,0,0,1,0,0,1,0,0,1,0,0,0,0,1,1,0,0,0,0,0,0,RP-16,3,A
0,0,1,0,0,1,0,1,0,1,1,0,0,0,1,1,1,0,1,0,0,0,0,RP-16,3,A
0,1,0,0,0,1,1,0,0,0,1,0,0,0,0,0,1,0,1,0,1,0,0,RP-16,3,A
0,1,0,0,0,1,0,0,0,1,0,0,0,0,0,1,1,0,0,0,1,0,0,RP-16,3,A
1,0,0,0,1,0,1,1,0,0,0,0,0,0,0,1,1,0,1,0,1,0,0,RP-16,3,A
0,1,0,0,0,1,0,1,1,0,1,1,0,0,0,1,0,0,0,1,0,0,0,RP-16,3,A
0,1,0,0,1,0,0,1,0,1,1,0,0,0,0,0,1,0,1,0,0,0,0,RP-16,3,A
0,1,0,0,0,1,0,1,1,1,0,1,0,0,0,1,0,0,1,0,0,0,0,RP-16,3,A
0,1,0,0,1,0,0,1,0,1,0,0,0,0,0,0,1,0,1,0,1,0,0,RP-16,3,A
0,0,1,0,1,0,0,1,1,1,1,0,0,0,0,0,1,0,0,1,0,0,0,RP-16,3,A
0,1,0,0,0,1,0,1,0,1,0,0,0,0,0,1,1,0,0,0,0,0,0,RP-16,3,A
0,1,0,0,1,0,0,1,0,1,1,0,0,0,0,0,1,0,0,0,0,0,0,RP-16,3,A
0,1,0,0,1,0,0,1,0,0,1,0,0,0,0,0,1,0,0,1,0,0,0,RP-16,3,A
0,1,0,0,1,0,0,1,0,0,1,0,0,1,0,0,1,0,1,0,1,0,0,RP-16,3,A
0,0,1,0,0,1,0,1,0,0,0,0,0,0,0,1,1,0,0,0,0,0,0,RP-16,3,A
0,1,0,0,1,0,0,1,0,1,0,0,0,0,0,0,1,0,0,0,0,0,0,RP-16,3,A
0,0,1,0,0,1,0,0,0,1,1,0,0,0,0,0,1,0,1,0,0,0,0,RP-16,3,A
0,0,1,0,1,0,1,1,0,0,1,0,0,0,0,1,1,0,0,0,0,0,0,RP-16,3,A
0,0,1,0,0,1,0,1,1,1,1,0,0,0,0,1,0,1,0,0,0,0,0,RP-16,3,A
0,1,0,0,0,1,0,1,0,1,0,0,0,0,0,0,1,0,0,0,1,0,0,RP-16,3,A
0,0,1,0,0,1,0,1,0,1,1,0,0,0,0,1,1,0,0,0,0,0,0,AUS,7,A
0,0,1,0,0,1,1,1,0,1,0,0,0,0,0,0,0,0,0,0,0,1,0,AUS,7,A
0,1,0,0,0,1,1,1,0,1,1,0,0,0,0,1,1,1,0,0,0,0,0,AUS,7,A
0,1,0,0,0,1,0,1,0,1,1,0,0,0,0,1,1,0,0,1,0,0,0,AUS,7,A
0,1,0,0,1,0,1,1,0,1,1,0,0,0,0,1,1,0,0,0,1,0,0,AUS,7,A
0,0,1,0,1,0,0,1,0,1,1,0,0,0,1,0,1,0,0,1,1,0,0,AUS,7,A
0,1,0,0,1,0,1,1,0,1,0,0,0,0,0,1,1,0,0,0,1,0,0,AUS,7,A
0,1,0,0,0,1,0,1,0,0,0,0,0,0,1,0,1,0,0,0,1,0,0,AUS,7,A
0,0,1,0,0,1,0,1,0,1,1,0,0,0,0,1,0,0,0,0,0,0,0,AUS,7,A
0,0,1,0,1,0,0,1,0,0,1,0,0,0,0,1,1,0,0,0,0,0,0,AUS,7,A
0,0,1,0,1,0,0,1,0,1,1,0,0,0,1,0,1,0,0,0,0,0,0,AUS,7,A
0,0,1,0,1,0,1,1,0,1,1,0,0,0,0,0,1,0,0,0,0,0,0,AUS,7,A
0,1,0,0,0,1,0,1,0,1,1,0,0,0,0,1,1,0,0,1,1,0,1,AUS,7,A
0,1,0,0,1,0,0,1,0,1,1,0,0,0,0,1,1,1,0,0,1,0,0,AUS,7,A
0,0,1,0,1,0,1,1,0,1,1,1,0,0,1,1,1,0,0,1,0,0,0,AUS,7,A
0,1,0,0,0,1,1,1,0,1,1,0,0,0,0,1,1,0,0,0,0,0,0,AUS,7,A
0,1,0,0,1,0,1,1,0,0,1,0,0,0,0,0,1,0,0,1,1,0,0,AUS,7,A
0,1,0,0,1,0,0,1,0,0,0,0,0,0,0,1,1,0,0,0,1,0,0,AUS,7,A
0,1,0,0,0,1,0,1,0,1,0,0,0,0,1,1,0,0,0,1,0,0,1,AUS,7,A
0,1,0,0,0,1,0,1,0,0,0,0,0,0,0,1,0,0,0,0,0,0,0,AUS,7,A
0,1,0,0,0,1,1,1,0,1,0,0,0,0,0,1,0,0,0,0,1,0,0,AUS,7,A
0,1,0,0,1,0,0,1,0,1,1,0,0,0,0,1,0,0,0,0,0,0,0,AUS,7,A
0,0,1,0,0,1,0,1,0,1,1,0,0,0,1,1,1,0,0,0,0,0,0,AUS,7,A
0,1,0,0,1,0,0,1,0,1,0,0,0,0,0,1,1,0,0,0,0,0,0,AUS,7,A
0,0,1,0,0,1,0,1,0,1,1,0,0,0,0,1,1,0,0,0,1,0,0,AUS,7,A
0,1,0,0,1,0,0,0,1,1,1,0,0,0,1,0,0,0,0,0,0,1,0,ELVA,11,A
0,1,0,0,1,0,0,0,0,1,1,0,0,0,0,1,0,0,0,0,1,0,1,ELVA,11,A
0,0,1,0,0,1,0,1,0,0,1,0,0,0,0,0,1,0,1,1,0,0,0,ELVA,11,A
0,1,0,0,1,0,1,0,0,0,1,0,0,0,1,1,1,0,0,1,0,0,0,ELVA,11,A
0,0,1,0,1,0,0,1,0,0,0,0,0,0,0,0,1,0,1,0,0,0,0,ELVA,11,A
0,1,0,0,0,1,1,0,0,1,1,0,0,0,0,1,1,0,0,1,1,0,0,ELVA,11,A
0,0,1,0,0,1,1,0,0,1,1,0,0,1,0,0,0,0,0,1,0,0,0,ELVA,11,A
0,0,1,0,0,1,1,1,1,0,1,0,0,0,0,1,0,0,0,1,0,0,0,ELVA,11,A
0,1,0,0,1,0,1,0,0,1,1,0,0,0,0,0,1,0,0,0,0,0,0,ELVA,11,A
0,1,0,0,1,0,1,0,0,1,1,0,0,0,0,1,0,0,0,0,1,0,0,ELVA,11,A
0,1,0,0,1,0,1,1,0,0,0,0,0,0,0,0,1,0,1,0,0,0,0,ELVA,11,A
0,0,1,0,1,0,0,0,1,0,1,0,0,0,0,1,0,0,1,0,0,0,0,ELVA,11,A
0,1,0,0,1,0,0,0,1,1,1,1,0,0,0,1,1,0,0,0,1,0,0,ELVA,11,A
0,1,0,0,0,1,1,0,0,1,1,0,0,0,0,1,1,0,0,0,0,0,0,ELVA,11,A
0,0,1,0,0,1,0,1,1,1,1,0,1,0,0,0,0,1,1,1,0,0,0,ELVA,11,A
0,0,1,0,1,0,0,0,0,1,1,0,0,0,0,1,1,0,0,1,0,0,1,ELVA,11,A
0,0,1,0,1,0,0,0,0,0,1,0,0,0,1,1,1,0,1,0,0,0,0,ELVA,11,A
0,0,1,0,1,0,0,0,1,1,1,0,0,0,0,1,0,0,1,0,0,1,0,ELVA,11,A
0,1,0,0,1,0,1,0,0,0,1,0,0,0,0,1,1,0,0,0,0,0,0,ELVA,11,A
0,0,1,0,1,0,0,1,0,0,1,0,0,0,0,0,1,1,0,0,0,0,0,ELVA,11,A
0,0,1,0,1,0,0,1,0,0,1,0,0,0,0,1,0,0,0,0,1,1,0,ELVA,11,A
0,0,1,0,0,1,0,0,0,0,0,0,0,1,0,0,1,1,1,0,1,0,0,ELVA,11,A
0,0,1,0,1,0,0,1,0,1,1,0,0,0,0,0,0,1,0,0,0,0,0,ELVA,11,A
0,0,1,0,0,1,0,0,0,0,1,0,0,0,0,0,1,0,0,1,0,0,1,ELVA,11,A
0,0,1,0,1,0,1,0,1,0,1,0,0,0,0,0,1,0,0,1,0,0,0,ELVA,11,A
0,0,1,0,1,0,1,1,0,1,1,0,0,0,0,0,1,0,0,0,0,0,0,RG,9,A
0,0,1,0,0,1,0,1,0,0,1,0,1,0,1,0,1,1,0,0,0,0,0,RG,9,A
0,0,1,0,0,1,1,1,1,1,0,0,0,0,1,0,0,0,0,0,0,1,0,RG,9,A
0,0,1,0,1,0,0,1,0,1,1,0,0,0,0,0,1,0,1,0,0,0,0,RG,9,A
0,0,1,0,1,0,0,1,0,0,1,0,0,0,1,1,1,0,0,0,0,0,0,RG,9,A
0,0,1,0,0,1,1,1,0,1,1,1,0,0,0,0,1,0,1,1,0,0,1,RG,9,A
0,0,1,0,1,0,1,1,0,0,0,0,0,0,0,1,0,1,1,0,0,0,0,RG,9,A
0,0,1,0,0,1,1,0,0,1,1,0,0,0,0,0,1,1,0,1,0,0,0,RG,9,A
0,0,1,0,1,0,1,1,0,1,1,0,0,0,0,0,0,0,0,1,1,0,0,RG,9,A
0,1,0,0,0,1,1,1,1,0,1,0,0,0,0,1,1,0,0,0,0,0,0,RG,9,A
0,0,1,0,1,0,0,1,0,1,1,0,0,0,0,1,0,0,0,1,0,1,0,RG,9,A
0,0,1,0,1,0,0,1,0,0,1,0,0,0,0,1,1,0,0,1,0,0,0,RG,9,A
0,1,0,0,0,1,1,1,0,1,1,0,0,0,0,0,1,0,0,0,0,0,0,RG,9,A
0,0,1,0,1,0,0,1,0,0,1,0,0,0,0,0,0,1,0,1,1,0,0,RG,9,A
0,0,1,0,1,0,1,1,0,1,0,0,0,0,0,0,1,0,0,0,0,0,0,RG,9,A
0,1,0,0,1,0,1,0,0,1,1,0,0,0,1,0,1,0,1,1,0,0,0,RG,9,A
0,1,0,0,1,0,0,1,0,1,1,0,0,0,0,0,1,0,0,0,1,0,0,RG,9,A
0,0,1,0,1,0,0,1,0,1,1,0,0,0,0,0,1,0,1,0,0,0,0,RG,9,A
0,0,1,0,1,0,0,1,0,0,0,0,0,0,0,1,1,0,0,1,1,0,1,RG,9,A
0,0,1,0,0,1,0,1,0,1,1,0,0,0,0,1,1,0,0,0,0,0,0,RG,9,A
0,1,0,0,1,0,1,1,0,1,1,0,0,0,0,0,1,0,1,0,0,0,0,RG,9,A
0,0,1,0,1,0,0,1,0,1,0,0,0,0,1,1,0,0,0,1,0,0,0,RG,9,A
0,1,0,0,1,0,0,1,0,0,1,0,0,0,0,1,1,0,1,0,1,0,0,RG,9,A
0,1,0,0,1,0,1,1,0,1,1,0,0,0,0,1,0,0,1,0,1,1,0,RG,9,A
0,1,0,0,0,1,0,1,0,0,1,0,0,0,0,1,1,0,0,0,0,0,0,RG,9,A
0,0,1,0,0,1,0,1,0,1,1,0,0,0,0,1,0,0,1,0,0,0,0,IGNF,13,B
0,0,1,0,1,0,1,1,0,0,0,0,0,0,1,0,1,0,0,0,0,0,0,IGNF,13,B
0,0,1,0,0,1,0,1,0,1,1,0,0,0,1,1,0,0,0,0,0,0,0,IGNF,13,B
0,0,1,1,0,0,0,0,0,1,0,0,0,0,1,0,0,0,1,0,0,0,0,IGNF,13,B
0,0,1,0,0,1,0,1,0,1,1,0,0,0,0,0,1,0,1,1,1,1,0,IGNF,13,B
0,0,1,0,1,0,0,1,0,1,1,1,0,0,0,1,0,0,1,1,1,0,1,IGNF,13,B
0,0,1,0,1,0,0,0,0,1,1,0,0,0,0,1,0,1,0,0,0,0,1,IGNF,13,B
0,1,0,0,1,0,0,1,0,1,1,0,0,0,1,1,1,0,0,0,1,0,1,IGNF,13,B
0,0,1,0,0,1,1,0,0,0,0,0,0,0,1,0,0,0,0,0,0,0,0,IGNF,13,B
0,0,1,0,1,0,0,1,0,0,1,0,0,0,0,0,1,0,1,1,0,0,0,IGNF,13,B
0,0,1,0,1,0,1,1,0,1,1,0,0,0,0,0,1,1,0,0,0,0,0,IGNF,13,B
0,1,0,0,1,0,1,1,0,1,1,0,0,0,0,0,0,1,0,0,0,0,0,IGNF,13,B
0,0,1,0,0,1,0,1,1,1,0,0,0,0,0,0,1,0,0,0,0,0,1,IGNF,13,B
0,1,0,0,1,0,0,1,0,1,1,0,0,0,1,1,1,0,0,1,0,0,0,IGNF,13,B
0,1,0,0,1,0,0,1,0,1,1,0,0,1,0,0,0,0,0,0,0,0,0,IGNF,13,B
0,1,0,0,1,0,0,1,0,1,1,0,0,0,1,0,0,0,0,0,0,0,0,IGNF,13,B
0,1,0,0,1,0,0,1,0,1,1,0,0,1,0,1,1,0,0,0,0,0,0,IGNF,13,B
0,0,1,0,0,1,0,0,0,1,1,0,0,0,0,0,1,0,0,0,0,0,0,IGNF,13,B
0,0,1,0,1,0,0,1,0,1,1,0,0,0,1,0,0,1,1,0,0,0,0,IGNF,13,B
0,0,1,0,1,0,0,1,0,0,0,0,0,0,1,0,1,0,1,0,0,0,0,IGNF,13,B
0,1,0,0,1,0,0,1,0,1,0,0,1,0,0,1,1,0,0,0,0,0,0,IGNF,13,B
0,1,0,0,0,1,1,1,0,0,1,0,0,1,0,0,0,0,0,1,0,0,0,IGNF,13,B
0,0,1,0,1,0,0,1,0,1,1,0,0,0,0,1,0,0,0,0,1,0,0,IGNF,13,B
0,1,0,0,1,0,0,0,0,0,1,0,0,0,0,0,1,0,0,0,0,0,1,IGNF,13,B
0,1,0,0,1,0,0,0,0,1,1,0,0,0,1,1,1,0,0,0,1,0,0,IGNF,13,B
0,0,1,0,1,0,1,1,0,1,1,0,0,0,0,0,1,0,0,1,0,0,1,RG,15,B
0,0,1,0,1,0,1,1,0,1,0,0,0,0,1,1,0,0,0,1,0,0,0,RG,15,B
0,0,1,0,1,0,0,1,0,0,0,0,0,0,0,1,1,1,0,1,1,0,0,RG,15,B
0,1,0,0,1,0,1,1,0,1,1,1,1,0,0,1,0,0,1,1,1,0,1,RG,15,B
0,1,0,0,1,0,1,0,0,0,0,0,0,0,0,1,1,0,0,0,1,0,0,RG,15,B
0,0,1,0,0,1,1,1,0,0,0,0,0,0,0,0,1,0,1,0,0,1,0,RG,15,B
0,1,0,0,1,0,0,1,0,0,1,0,0,0,0,1,1,0,0,0,0,0,0,RG,15,B
0,1,0,0,0,1,1,1,0,1,0,0,0,0,0,0,0,0,0,0,0,1,0,RG,15,B
0,1,0,0,1,0,1,1,0,0,0,0,0,0,0,0,1,0,0,1,1,0,0,RG,15,B
0,0,1,0,0,1,0,1,0,0,1,0,0,0,0,0,1,0,0,0,0,1,1,RG,15,B
0,0,1,0,1,0,1,1,0,1,1,0,0,0,0,1,0,0,0,1,0,0,1,RG,15,B
0,0,1,0,1,0,0,1,0,1,1,0,0,0,0,1,1,1,1,0,0,0,1,RG,15,B
0,0,1,0,1,0,1,0,0,1,0,0,0,0,0,1,1,0,0,0,0,1,0,RG,15,B
0,1,0,0,1,0,1,0,0,1,0,0,0,0,0,0,0,0,0,0,1,0,0,RG,15,B
0,0,1,0,1,0,0,1,0,0,0,0,1,0,0,1,0,0,0,0,1,0,1,RG,15,B
0,1,0,0,1,0,1,1,0,0,1,0,0,0,0,0,0,0,0,0,1,0,0,RG,15,B
0,0,1,0,0,1,1,0,0,0,1,0,0,0,0,1,1,1,1,0,0,0,0,RG,15,B
0,1,0,0,1,0,1,0,0,1,1,0,0,0,1,1,1,0,1,0,1,0,0,RG,15,B
0,0,1,0,1,0,0,1,0,1,1,0,0,0,0,0,1,0,1,1,0,0,0,RG,15,B
0,0,1,0,1,0,0,1,0,1,1,0,0,0,0,1,1,0,0,1,0,0,1,RG,15,B
0,0,1,0,1,0,0,1,1,0,1,0,0,0,0,1,0,0,1,0,0,0,0,RG,15,B
0,1,0,0,0,1,1,1,0,1,1,0,0,0,0,1,1,0,1,0,0,0,0,RG,15,B
0,0,1,0,1,0,1,1,0,0,1,0,0,1,0,1,1,1,1,0,0,0,0,RG,15,B
0,0,1,0,1,0,0,1,0,1,1,0,0,0,0,1,0,0,1,0,0,0,0,RG,15,B
0,0,1,0,1,0,0,1,0,0,1,0,0,0,1,0,0,1,0,1,0,0,0,RG,15,B
0,0,1,0,1,0,0,1,0,1,1,0,0,0,0,0,0,0,1,1,0,0,0,RG,10,B
0,1,0,0,0,1,1,1,0,1,1,0,0,1,1,0,0,0,0,0,1,0,0,RG,10,B
0,0,1,0,1,0,1,1,0,1,0,0,1,0,0,0,1,0,1,0,0,0,0,RG,10,B
0,0,1,0,0,1,0,1,0,1,1,0,0,0,0,0,0,0,0,1,0,0,0,RG,10,B
0,0,1,0,1,0,0,0,0,0,1,0,0,0,0,1,0,0,1,1,0,0,0,RG,10,B
0,0,1,0,1,0,0,1,0,0,0,0,0,0,0,0,0,0,1,1,0,0,1,RG,10,B
0,1,0,0,1,0,0,1,0,1,1,0,0,0,0,0,1,0,1,0,1,0,0,RG,10,B
0,0,1,0,0,1,0,1,0,1,1,1,0,0,0,1,1,0,1,1,1,0,0,RG,10,B
0,0,1,0,0,1,0,1,0,0,1,1,0,0,0,0,1,1,1,1,1,0,0,RG,10,B
0,0,1,0,0,1,1,1,0,1,1,0,0,0,0,1,1,0,1,0,0,0,0,RG,10,B
0,0,1,0,1,0,0,1,0,1,0,0,0,0,0,0,0,1,0,0,0,0,0,RG,10,B
0,0,1,0,0,1,0,1,0,0,0,0,0,0,0,1,0,0,0,1,0,0,0,RG,10,B
0,1,0,0,0,1,1,1,0,1,1,0,0,0,0,1,1,0,0,1,0,0,0,RG,10,B
0,0,1,0,0,1,1,1,0,1,1,0,0,0,0,1,1,0,1,1,0,0,0,RG,10,B
0,0,1,0,1,0,0,1,0,0,0,0,0,0,0,0,0,0,1,0,0,0,0,RG,10,B
0,1,0,0,1,0,0,1,0,0,1,0,0,0,0,0,0,0,1,1,1,0,0,RG,10,B
0,0,1,0,0,1,0,1,0,0,1,0,0,0,0,0,0,0,0,1,0,0,0,RG,10,B
0,1,0,0,0,1,1,1,0,1,0,0,0,0,0,1,0,0,0,0,1,0,0,RG,10,B
0,0,1,0,0,1,0,1,0,0,1,0,0,0,0,0,1,0,0,1,0,0,0,RG,10,B
0,0,1,0,0,1,0,1,0,1,1,0,0,0,0,0,1,0,0,0,0,0,0,RG,10,B
0,0,1,0,1,0,0,1,0,1,1,0,0,0,0,1,1,0,0,1,0,0,0,RG,10,B
0,0,1,0,1,0,0,1,0,1,0,0,0,0,0,0,1,1,0,1,0,0,0,RG,10,B
0,0,1,0,0,1,1,1,0,1,1,0,0,0,0,0,0,0,1,1,0,0,0,RG,10,B
0,1,0,0,1,0,0,1,0,1,1,0,0,0,0,1,0,1,1,1,0,0,0,RG,10,B
0,0,1,0,1,0,0,1,1,0,1,0,0,0,1,1,0,0,1,1,0,0,0,RG,10,B
0,1,0,0,1,0,0,1,0,1,1,0,0,0,0,1,0,0,0,0,1,0,0,ELVA,7,A
0,1,0,0,1,0,1,1,0,1,1,0,0,0,0,1,1,0,0,0,1,0,0,ELVA,7,A
0,1,0,0,1,0,1,1,0,1,0,0,0,0,0,0,1,0,1,0,0,0,0,ELVA,7,A
0,1,0,0,1,0,1,1,0,1,0,0,0,0,0,1,1,0,0,0,1,0,0,ELVA,7,A
0,0,1,0,0,1,1,1,0,1,1,0,0,0,0,1,1,0,0,1,1,0,0,ELVA,7,A
0,0,1,0,1,0,1,1,0,1,0,0,0,0,1,1,1,0,0,0,0,0,1,ELVA,7,A
0,0,1,0,0,1,1,1,1,1,1,0,0,0,0,1,1,1,1,0,1,0,0,ELVA,7,A
0,0,1,0,1,0,0,1,0,1,1,0,0,0,1,0,1,0,0,1,0,0,0,ELVA,7,A
0,1,0,0,0,1,0,1,0,1,1,0,0,0,0,1,1,0,0,0,0,0,0,ELVA,7,A
0,1,0,0,0,1,0,1,0,1,1,0,0,0,0,1,1,0,0,1,0,0,0,ELVA,7,A
0,1,0,0,0,1,0,1,0,1,0,0,0,0,0,1,1,0,1,0,1,0,0,ELVA,7,A
0,1,0,0,1,0,0,0,1,1,1,1,0,0,0,0,1,1,0,0,0,1,0,ELVA,7,A
0,1,0,0,1,0,1,1,0,1,1,0,0,0,0,1,1,0,1,1,1,0,0,ELVA,7,A
0,1,0,0,0,1,1,0,0,1,0,0,0,0,0,1,1,1,0,0,0,0,0,ELVA,7,A
0,1,0,0,0,1,1,1,0,1,1,0,0,0,0,0,1,0,0,1,1,0,0,ELVA,7,A
0,1,0,0,1,0,0,1,1,0,1,0,0,0,0,1,1,0,0,1,0,0,0,ELVA,7,A
0,1,0,0,1,0,0,1,0,1,0,0,0,0,0,1,0,0,0,0,1,0,0,ELVA,7,A
1,0,0,0,0,1,0,1,0,1,1,0,0,0,0,1,1,0,0,0,1,0,0,ELVA,7,A
0,1,0,0,0,1,0,1,0,1,0,0,0,0,1,1,1,0,0,1,1,0,0,ELVA,7,A
0,0,1,0,1,0,0,1,0,1,1,0,0,0,1,1,1,0,0,1,0,0,0,ELVA,7,A
0,1,0,0,1,0,0,1,0,0,1,0,0,0,1,1,1,0,0,0,0,0,0,ELVA,7,A
0,0,1,0,0,1,0,1,0,1,0,0,0,0,0,0,1,0,0,0,0,0,0,ELVA,7,A
0,1,0,0,1,0,0,1,0,1,1,0,0,0,0,1,1,0,0,1,0,0,0,ELVA,7,A
0,0,1,0,0,1,0,1,0,1,1,0,0,0,0,1,1,0,0,0,0,0,0,ELVA,7,A
0,0,1,0,1,0,1,1,1,1,0,0,0,0,0,0,1,0,1,1,0,0,0,ELVA,7,A
0,1,0,0,1,0,0,1,0,1,1,0,0,0,0,1,0,0,0,0,1,0,0,IGNF,7,B
0,1,0,0,1,0,0,1,0,0,1,0,0,0,1,0,1,1,0,0,0,1,0,IGNF,7,B
0,0,1,0,0,1,0,1,0,1,1,0,0,0,0,1,1,0,0,0,0,0,0,IGNF,7,B
0,0,1,1,0,0,1,1,1,1,0,0,0,0,0,0,0,1,1,0,0,0,0,IGNF,7,B
0,0,1,0,1,0,0,1,0,0,1,0,0,0,0,0,1,1,0,0,0,0,0,IGNF,7,B
0,1,0,0,0,1,1,1,0,0,1,0,0,0,0,1,0,0,1,1,0,0,1,IGNF,7,B
0,1,0,0,0,1,0,1,0,1,1,0,0,0,0,1,1,1,1,0,1,0,0,IGNF,7,B
0,0,1,0,0,1,0,1,0,1,1,0,0,0,1,0,1,1,0,0,0,0,0,IGNF,7,B
0,1,0,0,1,0,0,1,0,1,1,0,0,0,1,0,0,0,0,1,1,0,0,IGNF,7,B
0,0,1,0,1,0,0,0,0,1,1,1,0,0,0,1,1,0,1,0,0,0,0,IGNF,7,B
0,0,1,0,1,0,0,1,0,1,1,0,0,0,0,1,0,0,0,0,0,0,1,IGNF,7,B
0,1,0,0,0,1,0,1,0,0,1,0,1,0,0,0,1,0,0,0,0,0,1,IGNF,7,B
0,0,1,0,0,1,0,1,0,1,0,0,0,1,1,1,1,1,0,1,0,0,0,IGNF,7,B
0,1,0,0,0,1,0,1,0,0,1,0,0,1,0,1,1,0,1,0,0,0,0,IGNF,7,B
0,0,1,0,0,1,1,1,0,1,1,0,0,0,0,0,1,0,1,0,0,1,0,IGNF,7,B
0,0,1,0,1,0,0,1,0,1,1,0,0,0,0,1,0,0,1,0,0,0,0,IGNF,7,B
0,1,0,0,0,1,1,1,0,1,1,0,0,0,1,1,1,0,0,0,0,0,0,IGNF,7,B
0,0,1,0,1,0,0,1,0,1,0,0,1,0,0,0,0,0,0,0,1,0,0,IGNF,7,B
0,0,1,0,1,0,0,1,0,1,0,1,0,0,0,1,1,1,0,1,0,0,1,IGNF,7,B
0,0,1,0,1,0,0,0,0,1,1,0,0,0,1,1,1,1,1,0,0,0,1,IGNF,7,B
0,0,1,0,0,1,1,1,0,1,1,0,0,0,0,1,0,0,0,0,0,0,0,IGNF,7,B
0,0,1,0,0,1,0,1,0,1,1,0,0,0,0,1,0,0,1,1,0,0,0,IGNF,7,B
0,0,1,0,1,0,0,1,0,0,1,0,0,0,0,1,1,0,0,0,0,1,0,IGNF,7,B
0,0,1,0,0,1,1,1,0,1,0,0,0,0,1,0,1,0,0,1,0,0,0,IGNF,7,B
0,0,1,0,0,1,0,1,0,1,1,0,0,0,0,0,1,0,0,0,1,0,0,IGNF,7,B
0,0,1,0,1,0,0,1,0,1,1,0,0,0,1,1,0,0,0,1,0,1,0,RP-16,1,B
0,0,1,0,1,0,0,1,1,1,1,0,0,0,0,0,0,0,0,0,0,0,0,RP-16,1,B
0,0,1,0,1,0,0,1,0,0,1,0,0,0,0,0,1,0,0,0,0,0,0,RP-16,1,B
0,1,0,0,1,0,0,1,0,1,1,0,0,0,0,0,0,0,0,0,0,0,0,RP-16,1,B
0,1,0,0,0,1,0,1,0,1,0,0,0,0,0,0,1,0,1,0,1,0,0,RP-16,1,B
0,1,0,0,1,0,1,1,0,1,1,0,0,0,1,0,0,0,0,0,0,0,0,RP-16,1,B
0,0,1,0,0,1,0,1,0,0,0,0,0,0,0,1,0,0,0,0,0,0,0,RP-16,1,B
0,1,0,1,0,0,0,0,0,1,1,0,0,0,0,0,1,0,0,0,0,0,0,RP-16,1,B
0,1,0,0,0,1,0,1,1,0,1,0,0,0,0,0,1,0,0,0,0,0,0,RP-16,1,B
1,0,0,1,0,0,0,0,0,1,1,0,0,0,0,0,1,0,0,0,1,0,0,RP-16,1,B
0,1,0,0,1,0,0,1,0,1,0,0,0,0,0,0,0,0,1,0,0,0,1,RP-16,1,B
0,0,1,0,0,1,0,0,0,1,1,0,0,0,0,0,0,0,1,0,0,0,0,RP-16,1,B
0,1,0,1,0,0,0,0,0,1,1,0,0,0,1,0,0,0,0,0,1,0,0,RP-16,1,B
0,0,1,0,1,0,0,1,0,0,1,0,0,0,1,0,1,0,0,0,0,0,0,RP-16,1,B
0,1,0,1,0,0,0,0,0,1,0,0,0,0,0,1,0,0,1,0,1,0,0,RP-16,1,B
0,0,1,0,0,1,0,0,0,1,1,0,0,1,0,0,1,1,0,1,0,0,0,RP-16,1,B
0,0,1,0,1,0,0,1,0,0,0,0,0,0,0,1,0,0,0,0,0,1,0,RP-16,1,B
0,0,1,0,1,0,0,0,1,0,1,0,0,0,0,0,1,0,0,0,0,0,0,RP-16,1,B
0,1,0,0,1,0,0,1,0,1,1,0,0,0,0,1,0,1,0,0,0,0,0,RP-16,1,B
0,0,1,0,1,0,0,0,0,1,1,0,0,0,0,0,0,0,0,0,0,0,0,RP-16,1,B
0,1,0,0,0,1,0,1,0,1,0,0,0,1,0,0,1,0,1,0,1,0,0,RP-16,1,B
0,1,0,0,1,0,0,1,0,1,0,0,0,0,0,0,1,0,1,0,0,0,0,RP-16,1,B
0,1,0,0,1,0,0,1,0,1,1,0,0,0,0,0,1,0,0,0,0,0,1,RP-16,1,B
0,1,0,0,1,0,0,1,0,1,1,0,0,1,0,1,0,0,0,1,1,0,0,RP-16,1,B
0,0,1,0,1,0,0,1,1,0,0,0,0,0,1,1,0,0,0,0,0,0,0,RP-16,1,B
0,1,0,0,1,0,0,0,0,1,1,0,0,0,0,0,1,0,0,0,1,0,0,RP-16,6,A
0,0,1,0,1,0,0,1,0,1,0,0,0,0,0,0,1,1,0,0,0,0,0,RP-16,6,A
0,0,1,0,0,1,0,0,1,1,1,0,0,0,0,0,1,0,1,0,0,0,0,RP-16,6,A
0,0,1,0,1,0,0,0,0,1,1,0,0,0,0,1,1,0,0,1,0,0,0,RP-16,6,A
0,1,0,0,0,1,0,1,0,1,0,0,0,0,0,0,0,0,0,0,0,0,0,RP-16,6,A
0,0,1,0,0,1,0,1,1,1,1,0,0,0,0,0,1,0,1,0,0,0,0,RP-16,6,A
0,0,1,0,1,0,0,1,0,1,1,0,0,0,0,1,1,1,0,0,0,0,0,RP-16,6,A
0,1,0,1,0,0,0,1,1,0,1,0,0,0,0,0,0,1,0,0,1,0,0,RP-16,6,A
0,1,0,0,0,1,0,1,0,0,0,1,0,0,0,1,1,0,0,1,1,0,0,RP-16,6,A
0,0,1,0,1,0,0,1,0,1,1,0,0,0,0,1,0,0,1,0,0,0,0,RP-16,6,A
0,0,1,0,1,0,0,1,0,1,0,0,0,0,0,0,1,1,0,0,0,0,0,RP-16,6,A
0,1,0,0,0,1,1,1,0,1,1,0,0,0,0,0,1,0,1,1,1,0,0,RP-16,6,A
0,0,1,0,0,1,0,0,1,0,0,0,0,0,0,1,1,0,0,0,0,0,0,RP-16,6,A
0,1,0,0,0,1,0,1,0,1,1,0,0,0,0,1,1,1,1,0,1,0,0,RP-16,6,A
0,1,0,0,0,1,0,1,0,1,0,0,0,0,0,0,0,1,1,0,1,1,0,RP-16,6,A
0,1,0,0,0,1,0,1,1,0,1,0,0,0,0,0,1,1,0,1,1,1,0,RP-16,6,A
0,1,0,0,0,1,1,1,0,1,1,0,0,0,0,1,0,0,0,0,0,0,0,RP-16,6,A
0,0,1,0,0,1,0,1,0,1,1,0,0,0,0,0,1,0,0,0,0,0,0,RP-16,6,A
0,1,0,0,1,0,0,1,0,1,1,0,0,0,0,1,0,0,0,1,0,0,0,RP-16,6,A
1,0,0,0,0,1,0,1,0,1,0,0,0,0,0,0,1,0,1,0,1,0,0,RP-16,6,A
0,0,1,0,0,1,0,1,0,0,1,0,0,0,0,1,1,0,1,0,0,0,0,RP-16,6,A
0,0,1,0,1,0,0,1,0,1,0,0,0,0,0,0,1,0,0,0,0,0,0,RP-16,6,A
0,1,0,0,0,1,0,1,1,0,1,0,0,0,0,1,0,0,0,1,0,0,0,RP-16,6,A
0,1,0,0,1,0,0,1,1,1,1,0,0,0,0,1,1,0,1,0,0,0,0,RP-16,6,A
0,1,0,0,0,1,0,1,0,1,1,0,0,0,0,1,1,0,0,0,0,0,0,RP-16,6,A
0,0,1,0,1,0,1,1,0,1,0,0,0,0,0,0,0,0,1,1,0,0,0,IGNF,11,A
0,0,1,1,0,0,0,0,0,1,0,0,0,0,0,0,1,0,1,0,0,0,0,IGNF,11,A
0,0,1,0,0,1,1,1,0,0,1,0,0,0,0,0,0,0,0,1,0,1,0,IGNF,11,A
0,0,1,0,1,0,0,1,0,1,1,0,0,0,1,0,0,1,0,1,0,1,0,IGNF,11,A
0,0,1,0,1,0,1,1,0,1,1,0,0,0,0,1,0,0,0,0,0,1,0,IGNF,11,A
0,1,0,0,1,0,0,1,1,1,1,0,1,0,0,0,1,0,0,1,1,0,1,IGNF,11,A
0,0,1,1,0,0,0,1,0,0,1,0,0,0,1,1,0,1,0,1,1,0,0,IGNF,11,A
0,0,1,0,1,0,0,1,0,1,1,0,0,0,0,0,1,0,0,0,0,0,0,IGNF,11,A
0,1,0,1,0,0,0,1,0,0,1,0,0,0,1,0,0,0,1,0,1,0,0,IGNF,11,A
0,0,1,0,1,0,0,0,0,1,1,0,0,0,0,0,1,0,1,0,0,0,0,IGNF,11,A
0,0,1,0,1,0,0,1,0,1,1,0,0,0,0,0,0,0,1,0,0,0,0,IGNF,11,A
0,1,0,0,1,0,1,1,0,1,1,0,0,0,0,0,0,0,0,0,1,1,0,IGNF,11,A
0,0,1,0,1,0,1,1,0,0,0,0,0,0,0,0,0,1,0,0,0,0,0,IGNF,11,A
0,0,1,0,1,0,0,1,0,1,1,0,0,0,1,0,0,0,1,0,0,0,0,IGNF,11,A
0,1,0,0,1,0,1,1,0,0,1,0,0,0,0,0,0,0,0,0,1,0,1,IGNF,11,A
0,0,1,0,1,0,0,1,0,0,1,0,0,0,0,0,1,0,0,1,0,0,0,IGNF,11,A
0,0,1,0,1,0,1,1,0,1,1,0,0,0,0,1,0,0,0,1,0,0,1,IGNF,11,A
0,0,1,0,1,0,0,0,0,1,1,0,0,0,0,1,0,1,0,0,0,0,0,IGNF,11,A
0,0,1,0,1,0,1,1,0,1,0,0,0,0,0,1,1,0,1,1,0,0,0,IGNF,11,A
0,1,0,0,1,0,0,1,0,0,0,0,0,0,0,0,1,0,0,0,0,1,1,IGNF,11,A
0,0,1,0,0,1,0,1,0,1,0,0,0,0,0,0,1,0,0,0,1,0,0,IGNF,11,A
0,0,1,1,0,0,0,0,0,1,0,0,0,0,1,0,1,0,0,1,0,0,1,IGNF,11,A
0,0,1,0,1,0,0,1,0,1,1,0,0,0,0,1,0,0,1,1,0,0,0,IGNF,11,A
0,0,1,0,1,0,0,1,0,1,0,0,0,0,0,0,0,1,1,1,0,0,0,IGNF,11,A
0,1,0,0,1,0,1,1,0,0,1,0,0,0,0,1,0,0,0,0,1,0,0,IGNF,11,A
0,1,0,0,1,0,0,1,1,1,1,0,0,0,0,0,1,0,0,1,0,0,0,RP-16,8,B
0,0,1,0,1,0,0,0,1,1,0,0,0,0,0,1,1,0,0,0,0,0,0,RP-16,8,B
0,1,0,0,1,0,0,1,0,0,1,0,0,0,0,0,1,0,0,0,1,0,0,RP-16,8,B
0,0,1,0,0,1,0,1,0,0,0,0,0,0,0,1,0,1,0,0,0,0,0,RP-16,8,B
0,0,1,0,0,1,1,1,0,1,0,0,0,0,0,0,1,0,0,1,0,1,0,RP-16,8,B
0,1,0,0,1,0,1,1,0,1,1,0,0,0,0,0,1,0,0,1,1,0,0,RP-16,8,B
0,0,1,0,0,1,0,0,0,1,1,0,0,0,1,0,0,1,1,1,0,0,0,RP-16,8,B
0,1,0,0,1,0,1,1,0,0,1,0,0,0,0,0,1,0,0,0,1,0,0,RP-16,8,B
0,0,1,0,0,1,0,0,0,1,1,0,0,0,0,0,1,0,1,0,0,0,0,RP-16,8,B
0,0,1,0,0,1,0,1,0,1,1,0,0,0,0,0,0,0,0,0,0,0,0,RP-16,8,B
0,1,0,0,0,1,1,1,0,0,1,0,0,0,0,1,1,0,1,0,1,0,0,RP-16,8,B
0,0,1,0,0,1,1,0,1,1,1,0,0,0,0,0,1,1,1,0,0,0,0,RP-16,8,B
0,0,1,0,0,1,1,1,0,1,1,0,0,0,0,1,0,0,0,0,0,0,0,RP-16,8,B
1,0,0,0,0,1,1,1,0,1,0,0,0,0,0,0,1,0,0,0,1,0,0,RP-16,8,B
0,1,0,0,0,1,0,1,1,1,1,0,0,0,0,1,0,0,0,0,0,0,0,RP-16,8,B
0,0,1,0,1,0,0,1,0,1,1,0,0,0,0,0,1,0,1,0,0,0,0,RP-16,8,B
0,1,0,0,1,0,0,1,1,1,1,0,0,0,0,0,1,0,0,0,1,0,0,RP-16,8,B
0,0,1,0,1,0,0,0,0,1,1,0,0,0,0,0,0,0,0,0,0,0,0,RP-16,8,B
0,1,0,0,1,0,0,1,0,0,1,0,0,0,0,0,1,0,1,0,1,0,0,RP-16,8,B
0,1,0,0,1,0,0,1,0,1,1,0,0,0,0,0,1,0,0,0,0,0,0,RP-16,8,B
0,0,1,0,0,1,0,1,1,1,1,0,0,0,0,0,0,0,0,0,0,0,0,RP-16,8,B
0,1,0,0,0,1,0,1,0,1,1,0,0,0,0,1,1,0,0,0,0,0,0,RP-16,8,B
0,0,1,0,1,0,0,0,1,1,1,0,0,0,0,0,1,0,0,0,0,0,0,RP-16,8,B
0,1,0,0,1,0,1,1,0,1,1,0,0,0,0,1,1,0,0,1,1,0,0,RP-16,8,B
0,1,0,0,1,0,0,1,0,1,1,0,0,0,0,1,1,0,1,0,1,0,0,RP-16,8,B
0,0,1,0,0,1,0,0,0,1,1,0,0,0,0,0,1,0,0,1,0,0,0,AUS,1,A
0,1,0,0,1,0,1,1,0,0,1,0,0,0,0,1,1,0,1,1,1,0,0,AUS,1,A
0,1,0,0,0,1,1,1,0,1,0,0,0,0,1,0,1,0,0,0,0,1,0,AUS,1,A
0,0,1,0,1,0,0,1,0,1,0,0,0,0,0,1,1,0,0,1,0,0,0,AUS,1,A
0,0,1,0,0,1,0,1,0,1,1,0,0,0,0,0,0,0,1,0,0,0,0,AUS,1,A
0,1,0,0,1,0,0,1,0,1,0,0,0,0,0,0,0,0,0,1,0,0,0,AUS,1,A
0,1,0,0,0,1,1,1,0,1,1,0,0,0,0,0,0,0,0,0,1,0,0,AUS,1,A
0,1,0,0,1,0,0,1,0,1,0,0,0,0,0,1,1,0,1,0,1,0,0,AUS,1,A
0,0,1,0,1,0,1,0,0,0,1,0,0,0,1,1,0,0,0,0,0,0,0,AUS,1,A
0,1,0,0,1,0,0,1,1,1,0,0,0,0,0,1,1,0,0,0,1,0,0,AUS,1,A
0,1,0,0,0,1,0,1,0,0,0,0,0,0,0,1,1,0,0,0,0,0,0,AUS,1,A
0,1,0,0,0,1,0,1,0,1,1,0,0,0,0,1,0,0,1,1,1,0,0,AUS,1,A
0,1,0,0,0,1,1,0,0,1,1,0,0,0,1,0,1,0,0,0,0,0,0,AUS,1,A
0,0,1,0,1,0,1,0,0,1,1,0,0,0,0,0,0,0,1,0,1,0,0,AUS,1,A
0,0,1,0,1,0,1,0,0,1,1,0,0,0,0,0,1,0,0,1,1,1,0,AUS,1,A
0,0,1,0,1,0,0,1,0,0,1,0,0,0,1,0,1,0,0,1,0,0,1,AUS,1,A
0,1,0,0,0,1,0,1,0,0,0,0,0,0,0,0,1,0,0,0,1,0,0,AUS,1,A
0,1,0,0,0,1,0,1,0,1,1,0,0,0,0,0,1,0,0,1,1,0,0,AUS,1,A
0,0,1,0,0,1,0,1,0,1,1,0,0,0,0,1,0,0,1,1,0,0,0,AUS,1,A
0,1,0,0,1,0,1,1,0,1,0,0,0,0,0,0,1,0,1,0,1,0,0,AUS,1,A
0,1,0,0,0,1,1,0,0,1,1,0,0,0,0,0,1,0,0,0,0,0,0,AUS,1,A
0,1,0,0,0,1,0,1,0,1,1,0,0,0,0,0,1,0,0,1,0,0,0,AUS,1,A
0,0,1,0,1,0,0,1,0,0,0,0,0,0,1,1,1,0,0,0,0,0,0,AUS,1,A
0,0,1,0,1,0,1,1,0,1,1,0,0,0,0,0,0,0,0,0,0,0,0,AUS,1,A
0,1,0,0,1,0,1,1,0,1,1,0,0,0,0,1,1,0,0,1,1,1,0,AUS,1,A
1,0,0,0,1,0,0,1,0,0,1,0,0,0,0,1,1,0,0,0,1,0,0,RP-16,5,A
0,1,0,0,1,0,0,1,1,1,0,0,0,0,0,0,1,0,1,0,0,0,0,RP-16,5,A
0,1,0,0,1,0,0,1,0,1,1,0,0,0,0,0,1,0,1,0,1,0,0,RP-16,5,A
0,0,1,0,0,1,0,1,0,1,1,0,0,0,0,1,1,1,0,0,0,0,0,RP-16,5,A
1,0,0,0,1,0,1,0,0,1,1,0,0,0,0,0,1,0,0,0,0,0,0,RP-16,5,A
0,1,0,0,1,0,0,0,1,1,0,0,0,0,0,0,1,0,0,0,0,0,0,RP-16,5,A
0,0,1,0,1,0,0,1,0,0,1,0,0,0,0,0,1,0,0,0,0,0,0,RP-16,5,A
0,1,0,0,0,1,0,1,0,1,0,0,0,0,0,1,1,0,0,0,1,0,0,RP-16,5,A
0,1,0,0,1,0,0,1,0,1,1,0,0,0,0,1,0,0,0,0,0,0,0,RP-16,5,A
0,0,1,0,0,1,0,1,1,1,1,0,0,0,0,1,0,0,0,0,0,0,0,RP-16,5,A
0,0,1,0,1,0,0,1,0,0,0,0,0,0,0,1,0,1,1,1,0,1,0,RP-16,5,A
0,1,0,0,1,0,0,1,0,1,1,0,0,0,0,1,0,0,0,0,0,0,0,RP-16,5,A
0,0,1,0,0,1,0,0,0,0,1,0,0,0,0,1,1,0,0,0,0,1,0,RP-16,5,A
0,0,1,0,0,1,0,1,0,0,1,0,0,0,0,0,0,0,0,1,1,0,0,RP-16,5,A
0,0,1,0,0,1,0,1,1,1,1,0,0,0,0,1,1,0,0,0,0,0,0,RP-16,5,A
0,0,1,0,1,0,0,0,0,1,0,0,0,0,0,1,1,0,0,0,0,0,0,RP-16,5,A
0,1,0,0,0,1,0,1,0,1,1,0,0,0,0,0,1,0,1,1,0,0,0,RP-16,5,A
0,0,1,0,0,1,0,1,1,0,1,0,0,0,0,0,0,1,0,0,0,0,0,RP-16,5,A
0,1,0,0,0,1,0,1,0,0,1,0,0,0,0,1,1,0,0,0,0,0,0,RP-16,5,A
0,1,0,0,1,0,0,1,0,1,1,0,0,0,0,1,1,0,0,1,1,0,0,RP-16,5,A
0,0,1,0,0,1,0,1,1,1,0,0,0,0,0,0,1,0,1,0,0,0,0,RP-16,5,A
0,1,0,0,1,0,0,0,1,1,1,0,1,0,0,0,1,0,0,0,0,1,0,RP-16,5,A
0,1,0,0,1,0,0,1,0,1,1,0,0,0,0,1,0,0,1,0,0,0,0,RP-16,5,A
0,0,1,0,0,1,0,0,0,1,1,0,0,0,0,1,1,1,0,0,0,0,0,RP-16,5,A
0,1,0,0,1,0,0,0,0,1,1,0,0,0,0,0,1,0,1,0,1,0,0,RP-16,5,A
0,0,1,0,1,0,0,1,0,0,0,0,0,0,0,0,0,0,0,1,0,0,0,RG,6,A
0,0,1,0,0,1,1,1,0,1,0,0,0,0,0,0,0,0,0,0,0,0,0,RG,6,A
0,1,0,0,1,0,0,1,0,1,1,0,0,0,0,0,0,0,1,1,1,0,1,RG,6,A
0,1,0,0,1,0,1,1,0,1,1,0,0,0,1,1,1,0,1,0,1,0,0,RG,6,A
0,0,1,0,0,1,0,1,0,1,1,0,0,0,0,1,0,0,0,0,0,1,0,RG,6,A
0,0,1,0,1,0,0,1,0,0,0,0,0,0,0,1,1,0,1,0,0,0,0,RG,6,A
0,1,0,0,1,0,0,1,0,1,0,0,0,0,0,1,1,0,0,0,1,0,0,RG,6,A
0,0,1,0,0,1,1,1,0,1,0,0,0,0,0,0,0,0,0,1,0,1,0,RG,6,A
0,0,1,0,0,1,1,1,0,0,0,0,0,0,0,0,1,0,0,0,0,0,0,RG,6,A
0,1,0,0,1,0,1,0,0,1,1,0,0,0,1,1,0,1,0,0,1,0,0,RG,6,A
0,0,1,0,1,0,0,1,0,0,0,0,0,0,0,0,0,1,0,0,0,0,0,RG,6,A
0,0,1,0,1,0,0,1,0,1,1,0,0,0,0,1,0,0,0,1,0,0,1,RG,6,A
0,0,1,0,0,1,0,1,0,1,0,0,0,0,0,0,1,0,0,0,0,0,0,RG,6,A
0,0,1,0,1,0,0,0,0,1,1,0,0,0,0,1,1,0,1,0,0,0,0,RG,6,A
0,1,0,0,1,0,1,1,0,1,1,0,0,0,0,0,0,0,1,0,0,0,0,RG,6,A
0,1,0,0,1,0,1,1,0,1,1,0,0,0,0,0,0,0,0,0,1,0,0,RG,6,A
0,0,1,0,0,1,1,1,0,0,0,0,0,0,0,1,1,0,1,0,0,0,0,RG,6,A
0,0,1,0,1,0,0,1,0,0,0,0,0,0,1,1,1,1,0,0,0,0,0,RG,6,A
0,1,0,0,0,1,1,1,0,1,0,0,0,0,0,0,1,0,1,0,0,0,0,RG,6,A
0,1,0,0,1,0,0,1,0,1,1,0,0,0,1,0,1,0,0,0,1,0,0,RG,6,A
0,0,1,0,0,1,0,1,0,0,1,0,0,0,0,0,0,0,1,1,0,0,0,RG,6,A
0,0,1,0,1,0,0,1,0,0,1,0,0,0,0,1,1,1,0,1,0,1,0,RG,6,A
0,0,1,0,0,1,1,1,0,0,1,0,0,0,0,1,1,0,0,1,0,1,0,RG,6,A
0,0,1,0,0,1,1,1,1,1,1,0,0,0,0,0,1,0,1,1,0,0,1,RG,6,A
0,1,0,0,0,1,0,1,0,1,1,0,0,0,0,0,1,0,0,0,0,0,0,RG,6,A
0,0,1,0,0,1,1,1,0,1,1,0,0,0,0,0,1,0,0,0,0,1,0,RG,13,B
0,0,1,0,0,1,1,1,0,1,1,0,0,0,1,1,1,0,0,0,0,0,0,RG,13,B
0,1,0,0,1,0,1,0,0,0,1,0,0,0,1,0,0,0,0,0,1,0,0,RG,13,B
0,1,0,0,0,1,1,1,0,1,1,0,1,0,0,1,0,0,0,0,0,0,0,RG,13,B
0,0,1,0,1,0,1,1,0,1,0,0,0,0,0,1,0,0,0,1,0,0,0,RG,13,B
0,1,0,0,1,0,1,1,0,1,1,0,0,0,0,0,1,0,0,0,1,0,0,RG,13,B
0,1,0,0,1,0,0,1,0,0,1,0,0,0,0,1,0,0,1,0,1,0,0,RG,13,B
0,0,1,0,0,1,1,1,0,1,1,0,0,0,0,0,0,0,0,0,1,0,1,RG,13,B
0,1,0,0,1,0,0,1,0,0,1,0,0,0,1,1,1,0,0,0,0,0,0,RG,13,B
0,0,1,0,0,1,1,1,0,0,1,0,0,0,0,1,0,0,1,0,0,0,0,RG,13,B
0,1,0,0,0,1,1,1,0,0,1,0,0,0,1,1,0,0,0,0,1,0,0,RG,13,B
0,0,1,0,0,1,1,1,0,1,1,0,0,0,0,1,1,0,1,0,1,0,0,RG,13,B
0,0,1,0,0,1,1,1,0,1,1,0,0,0,0,0,1,0,0,0,0,0,0,RG,13,B
0,0,1,0,0,1,1,1,0,0,1,0,0,0,0,1,1,0,0,0,0,0,0,RG,13,B
0,0,1,0,0,1,1,0,0,1,1,0,0,0,0,0,0,0,0,0,0,0,0,RG,13,B
0,0,1,0,1,0,1,1,0,0,1,0,0,0,0,1,0,0,0,0,0,0,0,RG,13,B
0,1,0,0,0,1,1,1,0,0,0,0,0,0,0,0,0,0,0,1,1,1,0,RG,13,B
0,1,0,0,1,0,1,1,0,1,1,0,0,0,0,0,0,0,0,1,0,0,1,RG,13,B
0,0,1,0,1,0,1,0,0,0,0,0,0,0,0,0,1,0,1,0,1,0,0,RG,13,B
0,0,1,0,0,1,1,1,0,1,0,0,0,0,0,0,1,0,0,1,0,0,0,RG,13,B
0,0,1,0,1,0,0,1,0,1,1,0,0,0,0,1,0,0,0,0,0,0,0,RG,13,B
0,1,0,0,1,0,0,1,0,1,1,0,0,0,1,1,1,0,0,1,0,0,0,RG,13,B
0,0,1,0,1,0,0,1,0,0,1,0,0,0,0,1,1,1,1,0,0,0,0,RG,13,B
0,1,0,0,1,0,1,1,0,0,1,0,0,0,0,1,0,0,0,0,1,0,0,RG,13,B
0,0,1,0,0,1,1,1,0,1,1,1,0,0,0,0,0,0,0,0,0,0,0,RG,13,B
0,1,0,0,1,0,1,1,0,1,0,0,0,0,0,1,1,0,0,0,0,0,0,AUS-Drift,1,B
0,1,0,0,1,0,0,1,0,1,1,0,0,0,0,1,1,0,0,0,0,0,0,AUS-Drift,1,B
0,1,0,0,1,0,0,1,0,1,1,0,0,0,0,1,0,0,0,0,1,0,0,AUS-Drift,1,B
0,0,1,0,1,0,0,1,1,1,1,0,0,0,0,1,1,0,0,0,0,0,0,AUS-Drift,1,B
0,1,0,0,1,0,0,0,0,1,1,0,0,0,0,0,0,0,1,0,0,0,0,AUS-Drift,1,B
0,0,1,0,0,1,0,0,0,1,1,0,0,1,0,0,1,0,0,0,0,0,0,AUS-Drift,1,B
0,0,1,0,1,0,0,1,0,0,1,0,0,0,0,1,1,1,0,0,0,0,0,AUS-Drift,1,B
0,1,0,0,0,1,0,1,0,1,0,1,0,0,0,0,1,0,0,0,0,0,0,AUS-Drift,1,B
0,1,0,0,0,1,0,0,0,1,0,0,0,0,0,1,0,0,1,0,0,0,0,AUS-Drift,1,B
0,0,1,0,0,1,0,1,1,0,0,0,0,0,0,1,0,0,0,0,0,0,0,AUS-Drift,1,B
0,1,0,0,1,0,0,0,0,1,0,0,0,0,0,0,1,0,0,0,1,0,0,AUS-Drift,1,B
0,1,0,1,0,0,0,1,1,1,0,0,0,0,0,0,1,0,1,0,0,1,0,AUS-Drift,1,B
0,0,1,1,0,0,0,1,1,1,1,0,0,0,0,0,0,0,0,0,0,0,0,AUS-Drift,1,B
0,1,0,0,1,0,0,1,0,0,1,0,0,0,0,1,1,0,0,0,0,0,0,AUS-Drift,1,B
0,0,1,0,0,1,1,1,0,0,0,0,0,0,0,1,0,1,0,0,0,0,0,AUS-Drift,1,B
0,0,1,0,0,1,0,1,1,1,1,0,0,0,0,0,1,0,0,0,0,0,0,AUS-Drift,1,B
0,1,0,0,0,1,1,1,0,1,0,1,0,0,0,1,1,1,0,0,0,0,0,AUS-Drift,1,B
0,0,1,0,1,0,0,1,0,1,1,0,0,0,0,1,1,0,0,0,0,0,0,AUS-Drift,1,B
0,0,1,0,1,0,1,1,0,1,1,0,0,0,0,0,1,1,1,0,0,0,0,AUS-Drift,1,B
0,1,0,0,1,0,0,1,0,1,0,0,0,0,0,1,1,0,0,0,0,0,0,AUS-Drift,1,B
0,0,1,0,0,1,1,1,0,1,1,0,0,0,0,1,1,0,0,0,0,0,0,AUS-Drift,1,B
0,1,0,0,0,1,0,1,0,1,0,0,0,0,1,1,1,0,0,0,1,0,0,AUS-Drift,1,B
0,0,1,0,1,0,0,1,0,1,1,0,0,0,0,1,1,0,1,0,0,0,0,AUS-Drift,1,B
0,0,1,0,1,0,0,1,0,1,1,0,0,0,0,0,0,1,0,1,0,0,0,AUS-Drift,1,B
0,0,1,0,0,1,1,1,0,1,1,0,0,0,0,0,1,0,1,0,0,0,0,AUS-Drift,1,B
0,1,0,0,1,0,0,1,0,0,0,0,0,0,0,0,0,0,1,0,1,1,0,ELVA,1,A
0,0,1,0,0,1,0,1,0,0,1,0,0,0,0,0,1,0,1,0,0,0,0,ELVA,1,A
0,1,0,0,0,1,0,1,0,1,1,0,0,0,0,1,0,0,0,1,1,1,0,ELVA,1,A
0,1,0,0,1,0,0,1,0,1,1,0,0,0,0,0,0,0,0,0,1,0,0,ELVA,1,A
0,0,1,0,0,1,1,1,1,1,1,0,0,0,0,0,1,0,1,1,0,0,1,ELVA,1,A
0,0,1,0,0,1,1,1,0,1,1,0,0,0,0,1,1,1,1,0,1,1,0,ELVA,1,A
0,1,0,0,0,1,0,1,0,0,1,0,0,0,1,1,1,0,0,1,0,0,0,ELVA,1,A
0,0,1,0,1,0,0,1,0,0,1,0,0,0,0,0,1,0,0,1,0,0,0,ELVA,1,A
0,1,0,0,0,1,1,1,0,1,1,0,0,0,0,0,0,0,0,0,0,0,0,ELVA,1,A
0,0,1,0,0,1,0,1,0,1,1,0,0,0,0,0,1,1,0,0,0,0,0,ELVA,1,A
0,0,1,0,1,0,0,1,0,0,1,0,0,0,0,1,1,0,1,0,0,0,0,ELVA,1,A
0,1,0,0,1,0,1,1,0,1,1,0,0,0,0,0,1,0,0,0,0,0,0,ELVA,1,A
0,0,1,0,0,1,1,1,0,1,0,0,0,0,0,1,0,0,1,1,0,0,0,ELVA,1,A
0,1,0,0,1,0,1,1,0,1,1,0,0,0,0,0,1,0,0,1,1,0,0,ELVA,1,A
0,1,0,0,0,1,0,1,0,1,0,0,0,0,0,0,0,0,1,0,1,1,0,ELVA,1,A
0,0,1,0,1,0,0,1,0,1,1,0,0,0,0,0,1,0,0,0,0,0,0,ELVA,1,A
0,1,0,0,0,1,0,1,0,0,1,0,0,0,0,0,1,0,0,1,0,0,1,ELVA,1,A
0,0,1,0,0,1,0,1,0,0,1,0,0,0,0,1,1,0,0,0,0,0,0,ELVA,1,A
0,1,0,0,1,0,0,1,0,0,0,0,0,0,0,1,1,0,1,0,0,0,0,ELVA,1,A
0,1,0,0,0,1,1,1,0,1,1,0,0,0,0,0,1,0,0,0,1,0,0,ELVA,1,A
0,1,0,0,1,0,0,0,0,1,1,0,1,0,0,0,0,0,0,0,0,0,1,ELVA,1,A
0,1,0,0,0,1,0,1,0,0,0,0,0,0,0,0,1,0,0,0,1,0,0,ELVA,1,A
0,1,0,0,1,0,0,1,0,1,1,0,0,0,0,1,1,0,0,1,0,0,0,ELVA,1,A
0,0,1,0,1,0,1,1,0,1,0,0,0,0,0,0,1,0,0,1,0,0,0,ELVA,1,A
0,1,0,0,1,0,1,1,0,1,0,0,0,0,1,1,1,0,0,0,0,0,0,ELVA,1,A
0,1,0,0,1,0,1,1,0,1,0,0,0,0,0,1,0,0,1,1,1,0,1,IGNF,1,B
0,1,0,0,1,0,1,1,0,0,0,0,0,0,1,1,0,0,1,1,1,0,0,IGNF,1,B
0,0,1,0,0,1,0,1,0,1,1,0,0,0,0,1,1,0,1,0,0,0,0,IGNF,1,B
0,0,1,0,1,0,0,1,0,0,0,0,0,0,0,1,1,0,1,0,0,0,0,IGNF,1,B
0,1,0,0,1,0,0,1,0,0,0,0,0,0,0,1,1,0,1,0,0,0,0,IGNF,1,B
0,0,1,0,1,0,0,1,0,1,1,0,0,0,0,1,0,0,0,0,0,0,0,IGNF,1,B
0,1,0,0,1,0,1,1,0,0,0,0,0,0,1,1,0,1,1,0,1,0,0,IGNF,1,B
0,1,0,0,0,1,1,1,0,1,1,0,0,0,0,0,1,0,1,0,1,1,1,IGNF,1,B
0,0,1,0,0,1,1,1,0,1,0,0,0,0,0,0,0,0,0,0,0,0,0,IGNF,1,B
0,0,1,0,0,1,0,1,0,0,1,0,0,0,0,1,0,1,1,0,0,0,0,IGNF,1,B
0,1,0,0,1,0,0,1,0,1,0,0,0,0,0,1,0,0,1,1,0,0,0,IGNF,1,B
0,0,1,0,1,0,0,1,0,1,1,0,0,0,0,1,1,0,1,0,1,1,0,IGNF,1,B
0,0,1,0,0,1,0,1,0,1,1,0,0,0,0,1,1,0,1,0,0,0,0,IGNF,1,B
0,0,1,0,1,0,0,1,0,0,0,0,0,0,0,1,1,0,1,1,0,0,0,IGNF,1,B
0,0,1,0,1,0,0,1,0,1,1,0,0,0,0,0,1,1,1,0,0,0,0,IGNF,1,B
0,0,1,0,1,0,0,1,0,1,0,0,0,0,1,0,1,0,1,1,0,0,0,IGNF,1,B
0,0,1,0,1,0,1,1,0,0,1,0,0,0,0,1,0,0,0,0,0,0,0,IGNF,1,B
0,0,1,0,0,1,1,1,0,0,1,0,0,0,0,1,1,0,1,1,0,1,0,IGNF,1,B
0,1,0,0,1,0,0,1,0,0,0,0,0,0,0,0,1,0,1,1,1,0,0,IGNF,1,B
0,0,1,0,1,0,1,1,0,1,1,0,0,0,0,1,1,1,0,0,0,0,0,IGNF,1,B
0,0,1,0,0,1,0,1,0,0,0,0,0,0,0,0,1,0,1,0,0,0,0,IGNF,1,B
0,0,1,0,1,0,0,0,0,0,0,0,0,0,0,1,1,0,0,1,1,0,0,IGNF,1,B
0,0,1,0,1,0,1,0,0,0,1,0,0,0,0,1,1,0,1,0,0,1,0,IGNF,1,B
0,1,0,0,1,0,0,1,0,1,0,0,0,0,0,0,1,0,1,0,0,1,0,IGNF,1,B
0,0,1,0,1,0,1,1,0,1,0,0,0,0,0,1,1,0,1,0,0,0,0,IGNF,1,B
0,1,0,0,0,1,1,1,0,1,0,0,0,0,0,0,0,0,0,0,1,0,0,RG,3,A
0,0,1,0,0,1,0,1,0,0,0,0,0,0,1,0,1,0,1,0,1,0,0,RG,3,A
0,0,1,0,1,0,0,0,0,1,0,0,0,0,0,1,0,0,1,0,0,0,0,RG,3,A
0,0,1,0,1,0,1,0,0,1,1,0,0,0,0,0,0,0,0,1,0,0,0,RG,3,A
0,1,0,0,1,0,1,1,0,0,1,0,0,0,0,1,0,0,1,1,0,0,0,RG,3,A
0,1,0,0,0,1,1,0,0,0,0,0,0,0,0,0,0,0,0,0,1,0,0,RG,3,A
0,0,1,0,1,0,0,1,0,1,0,0,0,0,0,0,0,1,1,1,0,0,0,RG,3,A
0,0,1,0,1,0,1,0,0,1,1,0,0,0,1,1,1,0,1,0,0,0,0,RG,3,A
0,0,1,0,1,0,1,1,0,1,0,0,0,0,0,0,0,0,1,0,1,0,0,RG,3,A
0,0,1,0,0,1,1,1,0,0,0,0,0,0,0,0,1,0,0,0,0,1,0,RG,3,A
0,0,1,0,1,0,1,1,0,1,1,0,0,0,0,1,0,0,0,0,1,1,0,RG,3,A
0,0,1,0,0,1,0,1,0,0,0,0,0,0,0,0,0,1,0,1,1,0,0,RG,3,A
0,0,1,0,1,0,1,1,0,0,1,0,0,0,0,0,1,0,0,1,0,0,0,RG,3,A
0,1,0,0,0,1,1,1,0,0,1,0,0,0,0,0,0,0,0,0,1,0,0,RG,3,A
0,0,1,0,0,1,1,0,0,1,1,0,0,0,0,0,0,0,1,1,0,0,0,RG,3,A
0,0,1,0,1,0,1,1,0,1,1,0,0,0,0,1,1,1,1,1,0,0,0,RG,3,A
0,0,1,0,0,1,1,1,1,0,1,0,0,0,0,0,0,0,0,0,0,1,1,RG,3,A
0,0,1,0,0,1,1,1,0,1,1,0,0,0,0,0,0,1,1,0,0,0,0,RG,3,A
0,1,0,0,0,1,1,1,0,0,1,0,0,0,0,0,0,0,0,1,1,0,0,RG,3,A
0,0,1,0,1,0,1,0,0,0,1,0,0,0,0,0,1,0,0,0,0,0,0,RG,3,A
0,0,1,0,0,1,1,1,1,1,1,0,0,0,0,1,1,0,1,1,1,0,0,RG,3,A
0,0,1,0,0,1,1,1,0,0,1,0,0,0,0,0,0,0,0,0,0,0,0,RG,3,A
0,0,1,0,0,1,1,1,0,1,1,0,0,0,0,0,0,1,1,1,0,0,0,RG,3,A
0,0,1,0,1,0,1,0,0,1,1,0,0,0,1,0,1,0,0,1,1,0,0,RG,3,A
0,0,1,0,1,0,1,1,0,1,1,0,0,0,0,1,0,0,1,1,0,0,0,RG,3,A
0,0,1,0,0,1,0,1,0,1,1,0,0,0,1,0,0,0,1,0,0,0,0,AUS,3,B
0,0,1,0,0,1,0,1,0,1,1,0,0,0,0,0,1,0,0,0,0,0,0,AUS,3,B
0,1,0,0,0,1,0,1,0,1,1,0,0,0,0,1,0,0,0,0,1,0,0,AUS,3,B
0,0,1,0,0,1,0,0,0,0,1,1,0,0,0,0,1,1,0,1,0,0,0,AUS,3,B
0,0,1,0,0,1,0,0,0,0,1,0,0,0,0,0,1,1,0,0,0,0,0,AUS,3,B
0,0,1,0,0,1,1,1,0,0,0,0,0,0,0,0,0,0,0,1,0,0,0,AUS,3,B
0,0,1,0,0,1,0,1,0,1,1,0,0,0,0,0,0,0,1,0,0,1,0,AUS,3,B
0,0,1,0,1,0,1,1,0,1,1,0,0,0,0,1,0,0,0,1,1,0,0,AUS,3,B
0,0,1,0,1,0,0,1,1,0,1,0,0,0,0,1,1,0,0,1,0,0,1,AUS,3,B
0,1,0,0,0,1,0,1,0,1,1,0,0,1,0,0,1,0,0,0,0,0,0,AUS,3,B
0,1,0,0,0,1,1,1,0,0,1,0,0,0,0,1,0,0,0,1,0,0,0,AUS,3,B
0,0,1,0,0,1,1,1,0,1,1,0,0,0,0,0,1,0,0,0,1,0,0,AUS,3,B
0,0,1,0,0,1,0,1,0,0,1,0,0,0,0,0,0,0,0,1,0,0,0,AUS,3,B
0,0,1,0,1,0,0,1,1,0,1,1,0,0,0,0,1,1,0,0,0,0,0,AUS,3,B
0,1,0,0,1,0,0,1,0,0,0,0,0,0,0,1,1,0,0,0,1,0,0,AUS,3,B
0,0,1,0,1,0,1,1,0,0,1,0,0,0,0,0,1,1,0,1,0,0,0,AUS,3,B
0,0,1,0,0,1,0,1,0,1,1,0,0,0,0,1,1,0,0,1,0,0,1,AUS,3,B
0,0,1,0,0,1,0,1,0,1,1,1,0,0,0,0,0,0,0,1,1,0,0,AUS,3,B
0,1,0,0,1,0,0,1,0,1,1,0,0,0,0,0,1,0,1,1,1,0,0,AUS,3,B
0,1,0,0,1,0,0,1,0,1,1,0,0,0,0,1,0,0,0,0,0,0,1,AUS,3,B
0,0,1,0,0,1,1,1,0,1,1,0,0,0,0,0,0,0,0,0,0,0,0,AUS,3,B
0,0,1,0,1,0,0,1,0,0,1,0,0,0,0,1,0,0,0,0,0,0,0,AUS,3,B
0,0,1,0,0,1,0,1,0,0,1,0,0,0,0,1,0,0,0,1,0,0,1,AUS,3,B
0,1,0,0,0,1,0,1,0,1,0,0,1,0,0,1,1,0,0,0,0,1,0,LPM,1,A
0,1,0,0,1,0,0,0,0,1,1,1,0,0,0,0,1,0,0,0,0,0,0,LPM,1,A
0,0,1,0,1,0,0,1,0,1,1,0,0,0,0,0,0,1,1,0,0,0,0,LPM,1,A
0,0,1,0,0,1,0,0,0,1,0,0,0,0,0,1,1,0,0,0,0,0,0,LPM,1,A
0,0,1,0,1,0,0,1,1,0,1,1,0,0,0,1,0,1,0,0,0,0,0,LPM,1,A
0,1,0,0,0,1,0,1,1,1,1,1,0,0,0,1,0,0,1,0,1,0,0,LPM,1,A
0,0,1,0,0,1,0,1,0,1,1,0,0,0,0,1,0,0,0,0,0,1,0,LPM,1,A
0,0,1,0,0,1,1,1,0,1,0,0,0,0,0,1,1,1,0,0,0,0,0,LPM,1,A
1,0,0,0,1,0,0,1,0,1,0,0,0,0,1,0,1,0,0,0,1,0,0,LPM,1,A
0,1,0,0,1,0,0,1,0,1,0,0,0,0,0,0,1,0,1,0,1,0,0,LPM,1,A
0,1,0,0,0,1,0,1,0,0,0,0,0,0,0,0,1,0,1,0,0,0,0,LPM,1,A
0,1,0,0,1,0,0,1,0,1,0,0,0,0,0,1,1,0,1,0,1,0,0,LPM,1,A
0,0,1,0,1,0,0,1,0,1,1,0,0,0,0,1,0,1,1,0,0,0,0,LPM,1,A
0,1,0,0,1,0,0,1,1,1,1,0,0,0,0,1,1,0,0,0,0,0,0,LPM,1,A
1,0,0,0,1,0,0,1,1,1,0,1,0,0,0,0,0,0,1,0,0,0,0,LPM,1,A
0,0,1,0,0,1,0,1,1,1,0,0,0,0,0,1,1,0,1,0,0,0,0,LPM,1,A
0,0,1,0,0,1,0,1,0,1,1,0,1,0,0,0,0,0,0,0,0,0,0,LPM,1,A
0,1,0,0,0,1,0,1,0,1,1,1,0,0,0,0,1,0,1,0,0,0,0,LPM,1,A
0,1,0,1,0,0,0,0,1,1,0,0,0,0,0,1,1,0,1,0,1,0,0,LPM,1,A
0,1,0,0,1,0,0,1,0,1,1,0,0,0,0,0,1,0,0,0,0,0,0,LPM,1,A
0,0,1,0,0,1,0,1,0,1,0,1,0,0,0,1,1,0,0,0,0,0,0,LPM,1,A
0,1,0,0,1,0,0,1,1,1,1,0,0,0,0,0,1,0,0,0,1,0,0,LPM,1,A
0,0,1,0,1,0,1,0,0,1,1,0,0,0,0,0,1,1,1,0,0,0,0,LPM,1,A
0,0,1,0,0,1,0,1,0,1,0,0,0,0,0,1,1,0,1,0,0,0,0,LPM,1,A
0,0,1,0,1,0,0,0,0,1,1,0,0,0,0,1,0,0,1,1,0,0,0,IGNF,17,A
0,0,1,0,1,0,0,1,0,1,1,0,0,0,0,0,1,1,0,1,0,0,0,IGNF,17,A
0,0,1,1,0,0,0,0,0,1,0,0,0,0,1,0,0,0,0,0,1,0,0,IGNF,17,A
0,0,1,0,0,1,1,1,0,1,1,0,0,0,0,0,0,0,0,0,0,1,0,IGNF,17,A
0,0,1,0,1,0,0,1,0,1,1,0,0,0,0,1,1,1,1,0,0,1,0,IGNF,17,A
0,0,1,0,0,1,0,0,0,1,1,0,0,0,0,0,1,0,1,0,0,1,0,IGNF,17,A
0,0,1,0,0,1,0,1,0,1,0,0,0,0,0,1,1,0,0,1,0,0,0,IGNF,17,A
0,0,1,0,1,0,0,1,1,1,1,0,0,0,0,1,1,0,0,0,0,0,0,IGNF,17,A
0,0,1,0,1,0,0,1,0,1,0,0,0,0,0,0,1,0,1,1,1,0,0,IGNF,17,A
0,0,1,0,1,0,0,0,0,1,1,0,0,0,0,1,0,0,0,0,0,0,0,IGNF,17,A
0,1,0,0,1,0,0,1,0,1,1,0,0,0,0,1,0,0,1,1,0,0,0,IGNF,17,A
0,0,1,0,0,1,0,1,0,1,1,0,0,0,1,1,1,0,0,0,1,0,0,IGNF,17,A
0,0,1,0,0,1,0,0,0,1,1,0,0,0,0,1,0,0,1,1,0,0,0,IGNF,17,A
0,0,1,0,0,1,1,1,0,1,0,0,0,0,0,1,1,0,0,0,1,0,0,IGNF,17,A
0,1,0,0,1,0,0,0,0,1,0,0,0,0,0,1,1,0,1,0,1,0,0,IGNF,17,A
0,0,1,0,1,0,0,1,0,0,1,0,0,0,0,1,1,0,1,0,0,0,0,IGNF,17,A
0,1,0,0,1,0,0,0,0,1,1,0,0,0,1,1,1,0,1,0,1,0,0,IGNF,17,A
0,0,1,0,0,1,0,1,0,1,1,0,0,0,0,1,1,0,0,0,0,0,0,IGNF,17,A
0,0,1,0,0,1,0,1,0,0,1,0,0,0,1,1,0,0,0,1,0,0,1,IGNF,17,A
0,0,1,0,1,0,1,1,0,1,1,0,0,0,0,0,0,0,0,1,1,0,0,IGNF,17,A
0,0,1,0,0,1,0,1,0,1,1,0,0,0,0,1,1,1,0,0,0,0,1,IGNF,17,A
0,0,1,0,1,0,0,0,0,1,0,0,0,0,0,0,0,0,1,1,0,0,0,IGNF,17,A
0,0,1,0,1,0,0,0,1,1,1,0,0,0,0,0,0,1,0,1,0,0,0,IGNF,17,A
0,0,1,0,0,1,0,1,0,1,1,0,0,0,0,1,1,0,0,0,0,1,0,IGNF,17,A
0,0,1,0,1,0,0,1,0,0,1,0,0,0,0,1,0,0,0,1,1,0,0,IGNF,17,A
0,1,0,0,0,1,1,0,0,1,1,0,0,0,0,1,0,0,1,0,1,0,0,AUS,3,A
0,0,1,0,0,1,1,1,0,0,1,0,0,0,0,1,0,0,1,0,0,0,0,AUS,3,A
0,1,0,0,1,0,0,1,0,0,0,0,0,0,0,1,0,0,0,1,0,0,1,AUS,3,A
0,0,1,0,0,1,0,1,0,1,1,0,0,0,0,0,0,1,0,0,0,1,0,AUS,3,A
0,1,0,0,1,0,0,1,0,1,1,0,0,0,0,1,0,0,1,0,1,0,1,AUS,3,A
0,1,0,0,1,0,0,1,0,1,1,1,0,0,0,1,0,0,0,1,1,0,0,AUS,3,A
0,0,1,0,0,1,0,1,0,1,1,0,0,0,0,1,0,0,0,1,0,0,0,AUS,3,A
0,0,1,0,0,1,0,1,0,1,1,0,0,0,1,1,0,0,0,0,0,0,0,AUS,3,A
0,1,0,0,0,1,0,1,0,1,1,0,0,0,1,0,0,0,1,1,1,0,0,AUS,3,A
0,0,1,0,0,1,1,0,0,1,1,0,0,0,0,0,1,0,0,0,1,0,1,AUS,3,A
0,0,1,0,0,1,1,0,0,1,1,0,0,0,0,0,0,1,0,1,0,0,0,AUS,3,A
0,1,0,0,0,1,0,1,0,1,1,0,0,0,0,0,1,0,0,0,0,0,1,AUS,3,A
0,0,1,0,0,1,0,1,0,1,1,0,0,0,0,0,1,1,1,0,0,0,0,AUS,3,A
0,1,0,0,1,0,0,1,0,0,1,0,0,0,1,0,1,0,0,1,1,0,0,AUS,3,A
0,0,1,0,0,1,0,1,0,1,1,0,0,0,0,1,1,0,0,1,0,0,0,AUS,3,A
0,1,0,0,1,0,0,1,0,1,1,0,0,0,0,0,0,0,1,1,1,0,0,AUS,3,A
0,1,0,0,0,1,1,1,0,0,1,0,0,0,0,0,1,0,0,0,0,1,0,AUS,3,A
0,0,1,0,0,1,1,1,0,1,1,1,0,0,0,1,0,0,0,0,0,0,0,AUS,3,A
0,0,1,0,0,1,1,0,0,1,1,0,0,0,0,0,0,0,0,0,1,0,0,AUS,3,A
0,0,1,0,1,0,1,0,0,1,1,0,0,0,1,1,1,0,1,0,0,0,0,AUS,3,A
0,0,1,0,0,1,0,1,0,1,1,0,0,0,0,1,1,0,0,1,1,0,0,AUS,3,A
0,1,0,0,0,1,0,1,0,1,1,0,1,0,0,0,0,0,0,0,0,0,0,AUS,3,A
0,0,1,0,0,1,1,1,0,1,1,0,0,0,0,1,1,0,1,0,1,0,0,AUS,3,A
0,1,0,0,0,1,1,1,1,0,1,0,0,0,0,0,0,0,0,0,1,0,0,AUS,3,A
0,1,0,0,1,0,1,1,0,1,1,0,0,0,0,0,1,0,0,1,1,0,0,AUS,3,A
0,1,0,0,1,0,0,1,1,0,1,0,0,0,1,0,1,0,0,0,1,0,0,ELVA,1,B
0,0,1,0,0,1,0,0,0,1,1,0,0,0,0,0,1,0,1,0,1,0,0,ELVA,1,B
0,1,0,0,0,1,0,1,0,1,1,0,0,0,0,1,0,0,1,1,0,0,0,ELVA,1,B
0,1,0,0,0,1,0,1,0,1,1,0,0,0,1,1,0,0,0,1,0,0,0,ELVA,1,B
0,1,0,0,1,0,1,1,0,1,0,0,0,0,0,0,0,0,0,0,0,1,0,ELVA,1,B
0,1,0,0,1,0,0,1,0,1,1,0,0,0,0,1,1,0,0,0,1,0,0,ELVA,1,B
0,1,0,0,0,1,1,1,0,1,0,0,0,0,0,1,1,0,0,0,0,0,0,ELVA,1,B
0,1,0,0,0,1,1,1,1,1,1,0,0,0,0,1,1,0,0,0,1,0,1,ELVA,1,B
0,1,0,0,0,1,1,1,0,0,1,0,0,0,0,1,1,0,1,0,0,0,0,ELVA,1,B
0,0,1,0,1,0,1,0,0,1,0,1,0,0,1,1,1,0,1,0,0,0,1,ELVA,1,B
0,1,0,0,1,0,0,1,0,0,0,0,0,0,0,1,0,0,0,0,0,0,0,ELVA,1,B
0,0,1,0,1,0,0,1,0,1,0,0,0,0,0,0,0,0,0,0,0,0,0,ELVA,1,B
0,1,0,0,1,0,1,1,0,1,0,0,0,0,0,1,0,0,0,0,0,0,0,ELVA,1,B
0,1,0,0,1,0,0,1,0,1,1,0,0,0,0,1,1,0,0,0,0,0,0,ELVA,1,B
0,0,1,0,0,1,0,1,0,1,1,0,0,0,0,1,1,0,0,1,0,0,0,ELVA,1,B
0,0,1,0,1,0,1,1,0,1,0,0,0,0,0,1,0,1,0,0,0,0,1,ELVA,1,B
0,1,0,0,1,0,1,1,0,0,0,0,0,0,0,1,1,0,0,1,0,0,0,ELVA,1,B
0,0,1,0,0,1,1,1,0,1,1,0,0,0,0,0,0,0,0,0,0,0,0,ELVA,1,B
0,0,1,0,1,0,0,0,0,1,0,0,0,0,0,0,1,0,0,0,0,0,1,ELVA,1,B
0,1,0,0,1,0,0,1,0,1,1,0,0,0,0,0,0,0,0,0,0,0,0,ELVA,1,B
0,1,0,0,1,0,0,1,1,1,1,0,0,0,0,1,1,0,0,0,0,0,0,ELVA,1,B
0,1,0,0,1,0,0,1,0,1,1,0,0,0,0,1,0,0,1,1,1,0,0,ELVA,1,B
0,1,0,0,1,0,0,1,0,1,0,0,0,0,0,1,1,0,0,0,0,0,0,ELVA,1,B
0,0,1,0,0,1,0,0,0,0,1,0,0,0,0,0,1,0,1,1,0,0,1,IGNF,1,A
0,0,1,0,0,1,0,0,0,1,1,0,0,0,1,0,0,1,1,0,0,1,0,IGNF,1,A
0,0,1,0,1,0,1,1,0,1,1,0,0,0,0,1,1,1,1,1,1,0,0,IGNF,1,A
0,0,1,0,0,1,0,1,0,1,1,0,0,0,0,1,1,0,0,1,0,0,0,IGNF,1,A
0,0,1,0,1,0,1,1,0,0,1,0,0,0,0,0,1,1,1,0,0,0,0,IGNF,1,A
0,0,1,0,1,0,1,1,0,1,1,0,0,0,0,1,1,0,0,0,0,0,0,IGNF,1,A
0,0,1,0,1,0,1,0,0,1,1,0,0,0,0,1,0,0,1,0,0,1,0,IGNF,1,A
0,0,1,0,1,0,1,0,1,0,0,0,0,0,1,1,0,1,0,0,0,0,0,IGNF,1,A
0,0,1,0,0,1,0,1,0,1,1,0,0,0,0,1,0,0,1,1,0,0,0,IGNF,1,A
0,1,0,1,0,0,0,1,0,1,1,0,0,0,0,1,1,0,1,0,0,0,0,IGNF,1,A
0,0,1,0,1,0,0,1,1,1,0,0,0,0,0,0,0,0,1,0,1,0,0,IGNF,1,A
0,0,1,0,0,1,0,1,1,1,1,0,0,0,0,1,1,0,0,0,0,0,0,IGNF,1,A
0,1,0,0,1,0,1,0,0,1,0,0,0,0,0,0,0,0,0,1,0,0,0,IGNF,1,A
0,0,1,0,1,0,0,1,0,1,1,0,0,0,1,1,1,0,1,0,0,0,0,IGNF,1,A
0,0,1,0,1,0,0,1,0,1,0,0,0,0,0,0,1,0,1,1,0,1,1,IGNF,1,A
0,0,1,0,0,1,0,1,0,1,0,0,0,0,1,1,0,0,1,0,0,0,0,IGNF,1,A
0,0,1,0,1,0,1,1,0,1,0,0,0,0,0,0,0,0,1,0,0,0,0,IGNF,1,A
0,0,1,0,1,0,1,1,0,1,1,0,0,0,1,0,0,0,0,0,0,0,0,IGNF,1,A
0,0,1,0,1,0,0,0,0,0,1,0,0,0,0,0,0,1,1,0,1,0,0,IGNF,1,A
0,0,1,0,0,1,0,1,0,0,1,0,1,0,0,1,0,0,0,1,0,0,0,IGNF,1,A
0,0,1,1,0,0,0,1,0,0,1,0,0,0,0,0,0,0,1,1,1,0,0,IGNF,1,A
0,0,1,0,1,0,0,1,0,1,1,0,0,0,0,1,0,1,1,0,0,0,0,IGNF,1,A
0,0,1,0,1,0,0,1,0,1,1,0,0,0,1,0,1,0,0,1,1,0,0,IGNF,1,A
0,0,1,0,0,1,1,1,0,0,1,0,0,0,0,1,0,1,1,0,0,0,0,IGNF,1,A
0,1,0,0,1,0,0,1,0,0,1,0,0,0,0,0,1,0,0,1,1,0,0,IGNF,1,A
0,0,1,0,1,0,1,1,0,0,1,0,0,0,1,0,0,0,1,1,1,0,0,RG,3,B
0,1,0,0,0,1,1,1,0,1,1,0,0,0,1,1,0,0,1,1,0,0,0,RG,3,B
0,1,0,0,1,0,1,1,0,1,1,0,0,0,0,0,1,0,1,0,1,0,0,RG,3,B
0,0,1,0,1,0,1,1,0,1,1,0,0,0,1,1,0,0,1,1,0,0,0,RG,3,B
0,1,0,0,1,0,1,1,0,0,0,0,0,0,0,0,1,0,0,0,0,0,1,RG,3,B
0,1,0,0,1,0,0,1,0,0,1,0,0,0,0,1,0,0,0,1,0,0,0,RG,3,B
1,0,0,0,1,0,1,1,0,1,0,0,0,0,0,1,1,0,1,0,1,0,0,RG,3,B
0,1,0,0,0,1,1,1,0,1,1,0,0,0,0,1,1,0,0,1,1,0,0,RG,3,B
0,0,1,0,0,1,1,1,1,1,1,0,0,0,0,0,1,0,1,0,0,0,0,RG,3,B
0,1,0,0,1,0,1,0,0,0,0,0,0,0,0,0,1,0,0,0,1,0,0,RG,3,B
0,0,1,0,0,1,0,1,0,1,1,0,0,0,0,1,1,0,1,0,0,0,0,RG,3,B
0,1,0,0,0,1,1,1,0,0,0,0,0,0,0,0,1,1,0,1,1,0,0,RG,3,B
0,1,0,0,0,1,1,1,0,1,0,0,0,0,0,1,0,0,0,0,1,0,0,RG,3,B
0,1,0,0,1,0,1,0,0,1,1,0,0,0,1,1,0,0,0,0,0,0,0,RG,3,B
1,0,0,1,0,0,1,1,0,0,0,0,0,0,1,0,1,0,1,0,1,0,0,RG,3,B
0,0,1,0,1,0,0,1,0,0,1,0,0,0,0,0,1,0,1,0,0,0,1,RG,3,B
0,0,1,0,0,1,1,1,0,0,0,0,0,0,0,0,1,1,0,0,0,0,0,RG,3,B
0,1,0,0,1,0,1,1,0,0,1,0,0,0,1,1,1,0,0,1,0,0,0,RG,3,B
0,0,1,0,1,0,0,1,0,0,1,0,0,0,1,1,1,1,0,0,1,0,0,RG,3,B
0,1,0,0,0,1,1,1,0,1,1,0,0,0,0,1,1,0,1,0,0,0,0,RG,3,B
0,0,1,0,1,0,1,1,0,0,1,0,0,0,0,1,0,1,0,0,0,0,0,RG,3,B
0,1,0,0,1,0,1,0,0,0,1,0,0,0,0,1,1,0,0,0,1,0,0,RG,3,B
0,0,1,0,0,1,1,0,0,1,1,0,0,0,0,1,1,0,1,0,0,0,0,RG,3,B
0,0,1,0,0,1,1,1,0,0,1,0,0,0,0,1,0,0,0,0,0,0,1,IGNF,17,B
0,0,1,0,1,0,1,1,0,1,1,0,0,0,0,1,1,0,1,0,1,0,0,IGNF,17,B
0,0,1,0,0,1,0,1,0,1,1,0,0,0,0,0,1,0,0,0,0,0,0,IGNF,17,B
0,1,0,0,1,0,1,1,0,0,1,0,0,0,0,0,1,0,1,1,0,0,0,IGNF,17,B
0,1,0,0,0,1,0,1,0,0,0,0,0,0,0,0,0,0,0,0,0,1,0,IGNF,17,B
0,1,0,0,1,0,0,1,0,1,1,0,0,0,0,1,0,0,1,0,0,0,0,IGNF,17,B
0,1,0,0,0,1,1,1,0,1,1,0,0,0,1,1,0,0,0,0,0,0,0,IGNF,17,B
0,0,1,0,0,1,0,1,0,1,0,0,0,0,0,1,1,0,0,1,0,0,1,IGNF,17,B
0,1,0,0,0,1,0,1,0,1,1,0,0,0,0,0,1,0,0,0,1,0,0,IGNF,17,B
0,0,1,0,1,0,0,1,0,1,1,0,0,0,1,0,0,0,1,1,0,0,0,IGNF,17,B
0,1,0,0,1,0,0,0,0,1,0,0,0,0,1,1,0,0,0,0,0,0,0,IGNF,17,B
0,0,1,0,1,0,0,0,0,0,1,0,0,0,0,1,0,0,0,0,0,0,0,IGNF,17,B
0,0,1,0,1,0,0,1,0,0,1,0,0,0,0,0,1,0,0,0,0,1,0,IGNF,17,B
0,1,0,0,1,0,0,1,0,0,1,0,0,0,0,1,1,1,1,0,0,0,0,IGNF,17,B
0,0,1,0,1,0,0,1,0,1,1,0,0,0,0,0,0,0,1,0,0,0,0,IGNF,17,B
0,1,0,0,1,0,0,1,0,1,1,0,0,0,0,0,1,0,0,0,0,0,0,IGNF,17,B
0,0,1,0,0,1,1,1,0,1,1,0,0,0,1,0,0,0,0,0,0,0,0,IGNF,17,B
0,0,1,0,1,0,0,0,0,1,1,0,0,0,0,1,0,0,0,1,1,0,0,IGNF,17,B
0,0,1,0,0,1,0,1,0,0,0,0,0,0,0,1,0,0,1,0,0,0,0,IGNF,17,B
0,1,0,0,1,0,0,1,0,1,0,0,0,0,1,0,1,0,1,1,0,0,0,IGNF,17,B
0,1,0,0,0,1,0,1,0,1,1,0,0,1,0,1,0,0,1,0,1,0,1,IGNF,17,B
0,1,0,0,1,0,1,1,0,0,1,0,0,0,0,0,0,0,0,1,0,0,0,IGNF,17,B
0,1,0,0,1,0,0,1,0,0,1,0,0,0,0,0,0,0,1,0,0,0,0,IGNF,17,B
0,0,1,0,1,0,0,1,0,1,1,0,0,0,1,0,0,0,1,0,1,0,0,IGNF,17,B
0,0,1,0,1,0,0,1,0,1,1,0,0,0,0,1,0,0,0,1,0,0,1,IGNF,17,B
0,1,0,0,1,0,0,1,1,0,1,0,0,0,0,1,1,0,0,1,0,0,0,LPM,1,B
0,1,0,0,1,0,0,0,1,1,1,0,0,1,0,1,1,0,0,0,0,0,0,LPM,1,B
0,0,1,0,1,0,0,1,0,1,0,0,0,0,0,0,1,0,1,0,0,0,0,LPM,1,B
0,0,1,0,1,0,0,1,0,1,1,0,1,0,0,0,1,0,0,0,0,0,0,LPM,1,B
0,0,1,0,1,0,0,1,1,1,1,0,0,0,0,0,0,1,0,0,0,0,0,LPM,1,B
0,1,0,0,1,0,1,1,0,1,0,0,0,0,0,1,0,0,1,0,1,0,0,LPM,1,B
0,0,1,0,1,0,0,1,1,1,1,0,0,0,0,0,1,0,1,0,0,1,0,LPM,1,B
1,0,0,0,1,0,0,1,0,1,1,0,0,0,0,1,1,0,0,0,1,0,0,LPM,1,B
0,0,1,1,0,0,0,1,0,1,0,0,0,0,0,0,1,0,1,0,0,0,0,LPM,1,B
0,0,1,1,0,0,0,0,0,1,0,0,0,1,0,1,1,0,0,0,0,0,0,LPM,1,B
0,1,0,0,1,0,0,1,0,1,0,0,0,0,0,0,1,0,0,0,0,0,0,LPM,1,B
0,0,1,0,0,1,1,1,0,1,1,0,0,0,0,0,1,1,1,0,1,0,0,LPM,1,B
0,0,1,0,1,0,1,0,0,1,1,0,0,0,0,1,0,0,1,0,0,1,0,LPM,1,B
0,0,1,0,0,1,0,0,0,1,1,0,1,0,0,0,1,1,0,0,0,0,0,LPM,1,B
0,0,1,0,0,1,0,1,1,1,1,1,0,0,0,1,0,0,0,0,0,0,0,LPM,1,B
0,0,1,0,0,1,0,1,1,0,1,0,0,0,0,0,0,0,0,0,0,1,0,LPM,1,B
1,0,0,0,1,0,0,1,0,1,1,0,0,0,0,1,1,0,0,0,0,0,0,LPM,1,B
0,0,1,0,1,0,0,1,0,1,1,1,0,0,1,0,1,0,0,0,0,0,0,LPM,1,B
0,1,0,0,1,0,0,1,0,1,1,1,0,0,0,0,1,0,1,0,0,0,0,LPM,1,B
0,0,1,0,1,0,0,1,1,1,1,0,1,0,0,0,1,0,0,0,0,0,0,LPM,1,B
0,1,0,0,0,1,0,1,1,1,1,1,0,0,0,0,0,0,0,0,0,0,0,LPM,1,B
0,0,1,0,0,1,0,1,1,1,1,0,0,0,0,0,1,1,0,0,0,0,0,LPM,1,B
0,0,1,0,1,0,0,0,1,1,1,0,0,0,0,1,0,0,1,0,0,0,0,LPM,1,B
0,0,1,0,0,1,0,1,0,1,1,0,1,0,0,1,1,1,1,0,0,0,0,LPM,1,B
0,0,1,0,1,0,0,1,0,0,1,0,0,0,0,1,0,0,1,0,0,0,0,RP-16,5,B
0,0,1,1,0,0,0,1,1,1,0,0,0,0,0,1,0,0,0,0,0,0,0,RP-16,5,B
0,1,0,0,1,0,0,1,0,1,0,0,0,0,0,0,1,0,0,0,0,0,0,RP-16,5,B
0,1,0,0,1,0,0,1,0,0,1,0,0,0,0,1,1,0,1,0,1,0,0,RP-16,5,B
0,1,0,0,1,0,0,1,0,1,1,0,0,0,0,1,1,0,0,0,1,0,0,RP-16,5,B
1,0,0,0,1,0,0,1,0,1,1,0,0,0,0,1,1,0,1,0,1,0,0,RP-16,5,B
0,0,1,0,0,1,0,1,0,1,0,0,0,0,0,1,0,0,0,0,0,0,0,RP-16,5,B
0,0,1,0,1,0,0,1,0,1,0,0,0,0,0,1,1,0,0,1,0,0,0,RP-16,5,B
0,1,0,0,0,1,1,0,0,1,1,0,0,0,0,0,0,0,1,0,0,0,0,RP-16,5,B
0,0,1,0,1,0,0,1,0,0,1,0,0,0,0,0,1,0,0,0,0,0,0,RP-16,5,B
0,0,1,1,0,0,0,1,0,0,0,0,0,1,0,0,1,0,0,1,0,0,0,RP-16,5,B
0,1,0,0,0,1,0,1,0,0,1,0,0,0,0,1,1,0,1,0,0,0,0,RP-16,5,B
0,1,0,0,1,0,0,1,0,0,0,0,0,0,1,0,1,0,1,0,1,0,0,RP-16,5,B
0,1,0,0,1,0,0,1,0,1,0,0,0,0,0,0,1,0,1,0,0,0,0,RP-16,5,B
0,1,0,0,1,0,0,1,0,0,0,0,0,0,0,1,1,0,1,0,1,0,0,RP-16,5,B
0,1,0,0,0,1,0,1,0,1,0,0,0,0,0,1,1,0,0,0,0,1,0,RP-16,5,B
0,1,0,0,1,0,0,1,0,1,1,0,0,0,0,0,1,0,1,0,0,0,0,RP-16,5,B
0,0,1,0,0,1,0,0,0,1,0,0,0,0,0,1,1,1,0,0,0,0,0,RP-16,5,B
0,1,0,0,0,1,0,1,0,1,0,0,0,0,0,1,1,1,1,0,0,0,0,RP-16,5,B
0,1,0,0,1,0,0,1,0,0,0,0,0,0,1,0,1,0,0,1,1,0,0,RP-16,5,B
0,0,1,0,0,1,0,1,0,1,1,0,0,0,0,0,1,0,0,0,0,0,0,RP-16,5,B
0,1,0,0,1,0,0,1,0,0,1,0,0,0,0,1,1,1,0,0,0,0,0,RP-16,5,B
0,0,1,1,0,0,0,1,0,1,0,0,0,0,0,1,1,0,1,0,0,0,0,RP-16,5,B
1,0,0,0,0,1,0,1,0,0,1,0,0,0,0,1,1,1,1,0,1,0,0,RP-16,5,B
0,0,1,0,1,0,0,1,0,1,0,0,0,0,0,1,1,0,0,0,0,0,0,RP-16,5,B
0,1,0,0,1,0,1,1,0,1,1,0,0,0,0,1,0,0,0,1,0,0,0,AUS,1,B
0,0,1,0,0,1,0,1,0,0,0,0,0,0,0,1,1,0,0,1,0,0,0,AUS,1,B
0,0,1,0,1,0,0,1,0,1,1,0,0,0,0,0,1,0,0,0,1,0,1,AUS,1,B
0,0,1,0,1,0,0,0,0,1,1,0,0,0,0,1,1,1,0,0,0,0,1,AUS,1,B
0,0,1,0,0,1,1,1,0,1,1,0,0,0,0,1,0,0,0,0,0,0,0,AUS,1,B
0,1,0,0,1,0,1,1,0,1,0,0,0,0,1,0,0,0,1,1,1,0,0,AUS,1,B
0,1,0,0,1,0,0,1,0,1,0,0,0,0,0,0,0,1,1,0,0,0,0,AUS,1,B
0,1,0,0,1,0,0,1,0,1,1,0,0,0,0,1,1,0,0,1,1,0,0,AUS,1,B
0,1,0,0,1,0,0,1,0,0,0,1,0,0,0,1,1,0,0,0,1,0,0,AUS,1,B
0,0,1,0,1,0,1,0,0,1,0,0,0,0,0,1,0,0,1,0,0,0,0,AUS,1,B
0,1,0,0,1,0,1,1,0,1,0,0,0,0,1,0,0,0,0,0,1,0,0,AUS,1,B
0,0,1,0,0,1,0,0,0,1,0,0,1,0,0,0,1,0,0,1,0,0,1,AUS,1,B
0,1,0,0,0,1,0,1,0,1,1,0,0,0,0,0,0,0,0,1,1,0,0,AUS,1,B
0,0,1,0,1,0,0,1,0,1,1,0,0,0,0,0,1,0,0,0,0,1,0,AUS,1,B
0,1,0,0,1,0,0,1,0,0,1,0,0,0,0,0,0,0,0,1,0,1,0,AUS,1,B
0,1,0,0,1,0,0,1,0,1,1,0,0,0,0,1,1,0,0,1,0,1,1,AUS,1,B
0,0,1,0,1,0,0,1,0,0,1,0,0,0,0,1,0,0,0,0,0,0,1,AUS,1,B
0,0,1,1,0,0,0,0,1,0,0,0,0,0,0,0,1,0,0,1,0,0,1,AUS,1,B
0,0,1,0,1,0,0,1,0,0,1,0,0,0,0,0,1,0,0,0,0,0,0,AUS,1,B
0,1,0,0,1,0,1,1,0,1,0,0,0,0,0,0,0,0,0,0,0,0,0,AUS,1,B
0,1,0,0,1,0,0,1,0,0,1,0,0,0,1,1,0,0,0,0,0,0,0,AUS,1,B
0,0,1,0,1,0,1,1,0,1,1,0,0,0,0,0,1,0,0,0,0,0,0,AUS,1,B
0,0,1,0,1,0,0,0,0,1,1,1,0,0,1,1,1,0,0,0,0,0,0,AUS,1,B
0,1,0,0,1,0,0,1,0,0,1,0,0,0,0,0,1,0,1,1,0,0,0,AUS,1,B
0,1,0,0,1,0,1,1,0,1,1,0,0,0,0,1,0,0,0,1,1,1,0,AUS,1,B
0,1,0,0,1,0,0,1,1,1,1,0,0,0,0,1,1,0,0,0,0,0,0,AUS-Drift,1,A
0,1,0,0,0,1,1,1,0,1,0,0,0,0,0,1,1,0,0,0,0,0,0,AUS-Drift,1,A
0,0,1,0,0,1,0,1,0,1,1,0,0,0,0,1,1,0,0,0,0,0,0,AUS-Drift,1,A
0,0,1,0,0,1,0,0,1,1,1,0,0,0,0,1,0,0,0,0,0,1,0,AUS-Drift,1,A
0,1,0,0,0,1,1,1,0,1,1,0,0,0,0,1,1,0,0,0,0,0,0,AUS-Drift,1,A
0,0,1,0,1,0,0,1,0,1,0,1,0,0,0,0,0,0,1,0,0,0,0,AUS-Drift,1,A
0,0,1,0,1,0,1,1,0,0,1,0,0,1,0,1,1,0,0,0,0,0,0,AUS-Drift,1,A
1,0,0,0,1,0,0,0,0,0,0,0,0,0,0,0,1,0,0,0,0,0,0,AUS-Drift,1,A
0,1,0,0,1,0,0,0,1,0,1,0,0,0,0,1,1,0,0,0,0,0,0,AUS-Drift,1,A
0,1,0,0,1,0,0,1,1,1,1,0,0,0,0,1,0,0,0,0,0,0,0,AUS-Drift,1,A
0,1,0,0,1,0,0,0,1,1,1,0,0,0,0,0,1,0,0,0,0,0,0,AUS-Drift,1,A
0,0,1,0,0,1,0,1,0,0,1,0,0,0,0,0,0,1,0,0,0,1,0,AUS-Drift,1,A
0,0,1,0,1,0,0,1,0,1,0,0,0,0,0,0,1,0,1,0,0,0,0,AUS-Drift,1,A
0,1,0,0,0,1,0,1,1,1,0,1,0,0,0,1,1,0,0,0,0,0,0,AUS-Drift,1,A
0,0,1,0,0,1,1,1,0,1,0,0,0,0,0,0,1,1,0,0,0,0,0,AUS-Drift,1,A
0,1,0,0,1,0,0,1,0,1,1,0,0,1,0,0,1,0,0,0,1,1,0,AUS-Drift,1,A
0,1,0,0,0,1,0,0,0,1,1,1,0,0,0,1,1,0,0,0,0,0,0,AUS-Drift,1,A
0,1,0,0,1,0,1,1,0,0,0,0,1,0,0,1,1,0,1,0,0,0,0,AUS-Drift,1,A
0,0,1,0,0,1,0,1,0,1,0,0,1,0,0,1,1,1,0,0,0,0,0,AUS-Drift,1,A
1,0,0,0,0,1,0,1,0,1,0,0,0,0,0,0,1,0,0,0,1,0,0,AUS-Drift,1,A
0,1,0,0,1,0,0,0,0,1,0,0,0,0,0,1,1,1,0,0,1,0,0,AUS-Drift,1,A
0,0,1,0,0,1,1,1,1,1,0,0,0,0,0,0,0,1,1,0,0,0,0,AUS-Drift,1,A
0,1,0,0,0,1,1,1,0,1,0,0,0,0,0,0,0,0,0,0,0,1,0,AUS-Drift,1,A
0,0,1,0,1,0,0,0,1,1,0,0,0,0,0,0,1,1,0,0,0,0,0,AUS-Drift,1,A
1,0,0,0,1,0,0,1,1,1,1,1,0,0,0,1,1,0,0,0,0,0,0,AUS-Drift,1,A
0,0,1,0,1,0,0,1,0,0,1,0,0,0,0,1,0,0,1,1,0,0,0,RG,6,B
0,1,0,0,0,1,0,1,0,1,0,0,0,0,1,1,1,0,0,1,1,0,0,RG,6,B
0,0,1,0,1,0,1,1,0,1,1,0,0,0,1,0,0,0,0,1,0,0,0,RG,6,B
0,0,1,0,1,0,1,1,0,0,1,0,0,0,0,1,1,0,1,0,1,0,0,RG,6,B
0,1,0,0,0,1,1,1,0,1,1,0,0,0,0,0,1,0,0,1,1,1,1,RG,6,B
0,0,1,0,1,0,1,1,0,1,1,0,0,0,1,0,0,0,0,1,0,0,0,RG,6,B
0,0,1,0,1,0,0,0,0,1,1,0,0,0,0,1,0,0,0,1,0,0,0,RG,6,B
0,0,1,0,0,1,1,1,0,1,1,0,0,0,0,0,1,0,0,1,0,0,0,RG,6,B
0,0,1,0,0,1,1,1,0,1,1,0,0,0,0,1,1,1,0,0,0,0,0,RG,6,B
0,1,0,0,0,1,1,1,0,0,0,0,0,0,0,0,0,0,0,0,1,0,0,RG,6,B
0,1,0,0,1,0,1,1,0,1,1,0,0,0,0,0,1,0,0,1,0,0,0,RG,6,B
0,1,0,0,0,1,0,1,0,1,1,0,0,0,0,0,0,0,0,1,0,0,0,RG,6,B
0,1,0,0,1,0,1,1,0,1,1,0,0,0,0,1,0,0,0,1,1,0,0,RG,6,B
0,0,1,0,1,0,0,1,0,1,1,0,0,0,0,1,1,0,0,1,0,0,0,RG,6,B
0,0,1,0,1,0,1,1,0,1,1,0,0,0,0,1,1,0,0,1,0,0,0,RG,6,B
0,1,0,0,0,1,0,1,0,0,1,0,0,0,0,0,0,0,1,0,0,0,0,RG,6,B
0,0,1,0,0,1,1,1,0,1,1,0,0,0,0,0,0,0,0,0,0,0,0,RG,6,B
0,1,0,0,0,1,1,1,0,1,1,0,1,0,0,1,1,0,0,0,1,0,0,RG,6,B
0,0,1,0,0,1,0,1,0,0,1,0,0,0,0,1,1,1,1,0,0,0,0,RG,6,B
0,0,1,0,0,1,1,1,0,1,1,0,0,0,0,1,1,1,1,0,1,0,0,RG,6,B
0,1,0,0,1,0,1,0,0,1,1,0,0,0,0,0,0,0,0,1,1,0,0,RG,6,B
0,0,1,0,0,1,0,1,0,1,1,0,0,0,0,0,1,1,0,1,0,0,0,RG,6,B
0,0,1,0,1,0,1,1,0,0,0,0,0,0,0,0,0,0,0,0,1,0,0,RG,6,B
0,1,0,0,1,0,1,1,0,1,1,0,0,0,0,0,0,0,0,1,1,0,0,RG,6,B
0,0,1,0,0,1,0,1,0,0,1,0,0,0,0,0,0,1,0,0,0,0,0,RG,6,B
0,0,1,0,0,1,1,1,0,1,1,0,0,0,1,0,1,1,1,1,0,0,0,RG,13,A
0,0,1,0,0,1,1,0,0,0,1,0,0,0,0,0,0,0,0,0,0,0,0,RG,13,A
0,0,1,0,1,0,1,1,0,0,1,0,0,0,0,0,0,0,1,1,0,0,0,RG,13,A
0,0,1,0,1,0,1,1,0,0,1,0,0,0,0,0,1,0,0,1,1,1,0,RG,13,A
0,0,1,0,0,1,1,1,0,1,1,0,0,0,0,0,0,0,0,1,1,0,0,RG,13,A
0,1,0,0,1,0,0,0,0,1,0,0,0,0,0,1,1,0,1,0,1,0,0,RG,13,A
0,0,1,0,1,0,1,1,0,1,1,0,0,0,1,0,1,0,0,0,0,0,0,RG,13,A
0,1,0,0,1,0,1,1,0,1,0,0,0,0,0,0,0,0,0,1,1,0,0,RG,13,A
0,0,1,0,1,0,0,1,0,0,1,0,0,0,0,0,1,0,1,0,0,0,1,RG,13,A
0,0,1,0,0,1,1,0,1,1,1,0,0,0,0,0,1,0,0,0,0,0,0,RG,13,A
0,0,1,0,0,1,1,1,0,1,0,0,1,0,0,0,0,0,0,0,0,0,0,RG,13,A
0,0,1,0,1,0,0,1,0,1,1,0,0,0,1,0,1,0,1,1,0,0,1,RG,13,A
0,1,0,0,1,0,0,1,0,0,0,0,0,0,0,0,0,0,1,1,0,0,0,RG,13,A
0,0,1,0,1,0,1,1,0,1,1,0,0,0,0,0,1,1,0,0,0,0,0,RG,13,A
0,0,1,0,1,0,1,1,0,1,1,0,0,0,0,1,1,0,0,1,1,0,0,RG,13,A
0,0,1,0,0,1,1,1,0,1,1,0,0,0,0,1,1,0,0,0,0,1,0,RG,13,A
0,1,0,0,1,0,1,1,0,0,1,0,0,0,0,0,0,1,0,0,0,0,0,RG,13,A
0,1,0,0,1,0,1,1,0,1,0,0,0,0,0,1,0,0,0,0,1,0,0,RG,13,A
0,0,1,0,0,1,1,1,0,1,1,0,0,0,0,1,1,0,0,0,0,0,0,RG,13,A
0,1,0,0,0,1,1,1,0,1,1,0,0,0,1,1,1,0,0,0,1,0,0,RG,13,A
0,1,0,0,0,1,1,1,0,0,0,0,0,0,0,0,1,0,0,0,0,0,0,RG,13,A
0,0,1,0,0,1,1,1,0,1,1,0,0,0,0,0,1,1,0,0,1,0,0,RG,13,A
0,1,0,0,1,0,1,0,0,1,1,0,0,0,0,0,1,0,0,0,0,0,0,RG,13,A
0,0,1,0,1,0,1,0,0,0,1,0,0,0,0,1,1,0,0,0,0,0,0,RG,13,A
0,0,1,0,1,0,1,1,0,0,1,0,0,0,0,0,1,0,1,0,0,0,0,RG,13,A
0,0,1,0,1,0,1,1,0,1,1,0,0,0,1,0,0,0,0,0,0,0,0,RP-16,1,A
0,1,0,0,1,0,1,1,0,1,1,0,0,0,0,1,1,0,0,0,0,0,0,RP-16,1,A
0,1,0,0,0,1,0,1,0,1,1,0,0,0,0,0,1,0,0,0,0,0,0,RP-16,1,A
1,0,0,0,1,0,0,1,0,1,1,0,0,1,0,1,0,0,1,0,1,0,0,RP-16,1,A
0,1,0,0,1,0,0,1,0,1,1,0,0,0,0,1,1,0,0,0,1,0,0,RP-16,1,A
1,0,0,0,0,1,0,0,0,1,0,0,0,0,0,0,1,0,0,0,1,0,0,RP-16,1,A
0,0,1,0,1,0,0,1,0,0,1,0,0,0,0,0,1,0,1,0,0,0,0,RP-16,1,A
0,1,0,0,1,0,0,1,0,1,1,0,0,0,1,1,0,0,1,0,0,0,0,RP-16,1,A
0,1,0,0,0,1,1,1,0,1,1,0,0,0,0,0,0,0,1,0,1,0,0,RP-16,1,A
0,1,0,0,0,1,0,0,0,1,1,0,0,0,0,1,0,0,0,1,1,0,0,RP-16,1,A
0,1,0,0,1,0,0,1,0,1,0,0,0,0,0,0,0,0,1,0,1,0,0,RP-16,1,A
0,1,0,0,0,1,0,1,1,1,1,0,0,0,0,1,0,0,0,0,1,0,0,RP-16,1,A
0,1,0,0,1,0,1,1,0,1,0,0,0,0,0,0,1,0,1,1,0,0,0,RP-16,1,A
0,0,1,0,0,1,0,1,0,1,0,0,0,0,0,0,0,0,0,0,0,0,0,RP-16,1,A
0,0,1,0,1,0,0,1,1,1,0,0,0,0,0,0,0,0,1,0,0,0,0,RP-16,1,A
0,0,1,0,1,0,0,0,0,1,1,0,0,0,0,0,0,1,0,1,0,0,0,RP-16,1,A
0,0,1,0,0,1,1,1,0,0,1,0,0,0,0,0,1,0,0,0,0,0,0,RP-16,1,A
0,1,0,0,0,1,1,1,0,0,0,0,0,0,1,0,1,0,0,0,0,0,0,RP-16,1,A
0,1,0,0,1,0,0,1,0,0,1,0,0,0,0,0,0,0,1,0,0,0,0,RP-16,1,A
0,1,0,0,0,1,1,0,0,1,1,0,0,0,0,1,0,0,1,0,1,0,0,RP-16,1,A
0,0,1,0,1,0,0,1,0,1,1,0,0,0,0,0,1,0,0,0,0,0,0,RP-16,1,A
0,1,0,0,1,0,1,1,0,1,1,0,0,0,0,1,0,0,0,0,0,0,0,RP-16,1,A
0,0,1,0,0,1,0,1,1,0,0,0,0,0,0,1,0,0,0,0,0,0,0,RP-16,1,A
0,0,1,0,0,1,1,0,0,1,1,0,0,0,0,0,0,0,0,0,1,0,0,RP-16,1,A
0,1,0,0,0,1,0,1,0,1,1,0,1,0,0,1,0,0,1,0,0,0,0,RP-16,1,A
0,0,1,0,1,0,0,0,0,1,0,0,0,0,0,0,1,0,0,0,0,0,1,RG,10,A
0,0,1,0,0,1,0,1,1,1,1,0,0,0,0,1,0,1,0,0,0,0,0,RG,10,A
0,0,1,0,1,0,1,1,0,0,1,1,0,0,0,0,1,0,0,0,1,0,0,RG,10,A
0,1,0,0,1,0,0,1,0,1,0,0,0,0,0,1,1,0,0,1,0,0,1,RG,10,A
0,0,1,0,1,0,0,1,0,1,0,0,0,0,0,1,1,1,0,0,0,0,0,RG,10,A
0,0,1,0,1,0,1,1,0,1,1,0,0,0,0,1,1,1,0,0,0,0,0,RG,10,A
0,0,1,0,1,0,1,1,0,1,1,0,0,0,1,1,1,1,0,1,0,0,0,RG,10,A
0,1,0,0,1,0,0,1,0,1,0,0,0,0,0,1,1,0,1,0,1,0,0,RG,10,A
0,0,1,0,0,1,1,1,0,1,0,0,0,0,1,0,1,1,0,0,0,0,0,RG,10,A
0,0,1,0,0,1,0,1,0,1,0,0,0,0,0,1,0,0,0,0,0,0,0,RG,10,A
0,1,0,0,1,0,0,1,0,1,0,0,0,0,0,0,1,0,1,1,1,0,0,RG,10,A
0,1,0,0,0,1,0,1,0,1,1,0,0,0,0,0,1,0,0,0,0,0,0,RG,10,A
0,1,0,0,0,1,0,1,0,1,1,0,0,0,0,1,1,0,0,1,1,0,0,RG,10,A
0,1,0,0,0,1,0,1,0,0,1,0,0,0,0,1,1,0,0,0,0,0,0,RG,10,A
0,0,1,0,1,0,0,1,0,0,0,0,0,0,0,1,1,0,0,0,0,0,0,RG,10,A
0,1,0,0,0,1,1,1,0,1,0,0,0,0,0,1,0,0,0,0,1,0,0,RG,10,A
0,0,1,0,1,0,1,1,0,1,1,0,0,0,1,1,1,0,0,0,1,0,0,RG,10,A
0,0,1,0,0,1,1,1,0,1,0,0,0,0,0,0,0,0,0,1,0,0,0,RG,10,A
0,1,0,0,1,0,0,1,0,1,1,0,0,0,1,1,1,0,0,1,1,0,0,RG,10,A
0,1,0,0,1,0,0,1,0,0,0,0,0,0,1,0,1,0,1,0,0,0,0,RG,10,A
0,1,0,0,0,1,0,1,0,1,0,0,0,1,0,1,1,0,1,1,1,0,1,RG,10,A
0,0,1,0,0,1,0,1,0,0,0,0,0,0,0,0,1,0,0,1,0,0,0,RG,10,A
0,0,1,0,1,0,1,1,0,1,0,0,0,0,0,1,0,0,0,1,1,0,0,RG,10,A
0,0,1,0,0,1,1,1,0,0,0,0,1,0,0,1,1,0,0,0,0,0,1,RG,10,A
0,1,0,0,0,1,0,1,0,0,0,0,0,0,0,0,1,0,1,0,0,0,0,ELVA,7,B
0,0,1,0,1,0,0,1,0,1,1,0,0,0,0,1,1,1,0,1,0,0,0,ELVA,7,B
0,1,0,0,1,0,1,1,0,0,1,0,0,0,0,1,1,0,0,0,1,0,0,ELVA,7,B
0,1,0,0,1,0,1,1,0,1,1,0,0,0,0,0,1,0,0,1,1,0,0,ELVA,7,B
0,0,1,0,0,1,0,1,0,1,1,0,0,0,0,1,1,0,1,0,0,0,0,ELVA,7,B
0,0,1,0,0,1,0,1,0,1,1,0,0,0,0,1,0,0,0,1,0,1,0,ELVA,7,B
0,0,1,0,1,0,0,1,1,1,1,0,0,0,0,0,1,0,1,0,0,0,0,ELVA,7,B
0,1,0,0,1,0,0,1,1,1,1,0,0,1,1,1,1,0,0,0,1,0,0,ELVA,7,B
0,0,1,0,0,1,0,1,0,1,1,0,0,0,0,0,1,0,0,0,0,0,0,ELVA,7,B
0,1,0,0,1,0,0,1,0,1,0,0,0,0,0,0,1,0,0,1,0,0,1,ELVA,7,B
0,0,1,0,1,0,1,1,0,0,1,0,0,0,0,1,1,0,0,0,1,0,1,ELVA,7,B
0,1,0,0,1,0,0,1,1,1,0,0,0,0,1,0,0,0,0,0,0,0,0,ELVA,7,B
0,0,1,0,0,1,0,0,1,1,1,0,0,0,0,1,1,0,1,0,0,0,0,ELVA,7,B
0,0,1,0,0,1,1,1,0,0,1,0,0,0,0,0,0,1,1,1,0,0,0,ELVA,7,B
0,0,1,0,0,1,0,1,0,0,1,0,0,0,0,1,0,0,1,1,1,0,0,ELVA,7,B
0,0,1,0,0,1,0,0,1,1,1,0,1,0,0,1,0,0,0,0,0,0,0,ELVA,7,B
0,0,1,0,0,1,0,1,1,0,0,0,0,0,0,0,1,0,1,1,0,0,0,ELVA,7,B
0,1,0,0,0,1,1,1,0,0,1,0,0,0,0,0,1,0,0,1,0,0,0,ELVA,7,B
0,0,1,0,0,1,0,1,0,1,1,0,0,0,0,0,1,1,0,0,0,0,0,ELVA,7,B
0,1,0,0,0,1,0,1,0,0,1,0,0,0,1,0,0,0,0,0,0,0,0,ELVA,7,B
0,1,0,0,1,0,0,1,1,0,1,0,0,0,0,1,1,0,1,0,0,0,1,ELVA,7,B
0,0,1,0,0,1,0,1,0,1,1,0,0,0,1,1,1,0,0,0,1,0,0,ELVA,7,B
0,0,1,0,1,0,0,1,0,1,1,0,0,0,1,0,1,1,1,0,0,0,0,ELVA,7,B
0,1,0,0,1,0,0,1,0,1,1,0,0,0,0,1,1,1,1,1,1,0,0,ELVA,7,B
0,0,1,1,0,0,0,0,1,1,1,1,0,0,0,1,1,1,0,0,0,0,0,ELVA,7,B
0,0,1,0,0,1,0,1,0,1,1,0,1,0,0,0,0,0,0,0,0,0,0,IGNF,7,A
0,1,0,0,1,0,0,0,0,1,1,0,0,0,0,0,0,0,0,0,1,0,1,IGNF,7,A
0,0,1,0,0,1,0,1,0,0,1,0,1,0,0,0,1,0,1,0,0,0,1,IGNF,7,A
0,0,1,0,1,0,1,1,0,1,1,0,0,0,1,0,1,0,0,0,0,0,0,IGNF,7,A
0,1,0,0,0,1,0,1,0,0,1,0,0,0,0,0,0,0,0,0,1,0,1,IGNF,7,A
0,0,1,0,0,1,0,0,0,0,1,0,0,0,0,0,1,0,0,0,0,0,0,IGNF,7,A
0,0,1,0,0,1,0,1,1,1,1,0,1,0,0,0,0,0,0,0,0,0,0,IGNF,7,A
0,0,1,0,1,0,0,0,0,0,1,0,1,0,0,1,0,0,0,0,0,0,0,IGNF,7,A
0,1,0,0,1,0,1,1,0,0,1,0,0,0,1,1,1,0,0,0,1,0,0,IGNF,7,A
0,0,1,0,0,1,0,1,0,1,1,0,0,1,0,0,0,0,0,0,1,0,0,IGNF,7,A
0,1,0,0,1,0,0,1,0,0,1,0,0,0,0,1,1,0,1,0,0,0,0,IGNF,7,A
0,1,0,0,0,1,0,1,0,1,1,0,0,0,1,1,1,0,0,0,0,0,0,IGNF,7,A
0,1,0,0,1,0,0,1,0,1,1,0,0,0,0,0,1,0,0,0,0,0,1,IGNF,7,A
0,0,1,0,1,0,0,1,0,1,1,0,0,0,0,0,0,0,0,0,1,0,1,IGNF,7,A
0,1,0,0,1,0,1,1,0,0,1,0,0,0,0,0,1,0,0,1,1,0,0,IGNF,7,A
0,1,0,0,0,1,0,1,0,0,1,0,0,0,0,0,1,0,0,1,1,0,0,IGNF,7,A
0,0,1,0,1,0,0,1,0,1,0,0,0,0,1,0,1,0,1,0,0,0,0,IGNF,7,A
0,0,1,0,0,1,0,1,0,0,1,0,0,0,1,0,0,0,0,0,0,0,0,IGNF,7,A
0,1,0,0,1,0,0,0,0,1,1,0,0,0,0,0,0,1,0,0,0,0,0,IGNF,7,A
1,0,0,0,0,1,0,1,0,1,1,0,0,0,0,1,1,0,0,0,1,0,1,IGNF,7,A
0,1,0,0,0,1,1,1,0,1,0,0,0,0,0,1,1,0,0,0,0,0,0,IGNF,7,A
0,1,0,0,1,0,0,1,0,1,1,0,1,0,1,0,1,0,0,0,1,0,0,IGNF,7,A
0,1,0,0,0,1,1,1,0,1,1,0,0,0,0,0,1,0,0,0,0,0,0,IGNF,7,A
0,0,1,0,1,0,0,1,0,0,0,0,0,0,0,1,1,0,0,0,0,1,1,IGNF,7,A
0,0,1,0,0,1,1,1,0,1,1,0,0,0,0,1,1,0,1,0,0,0,0,IGNF,7,A
0,1,0,0,0,1,0,1,0,1,1,0,0,0,0,1,0,0,1,0,1,0,0,RP-16,8,A
1,0,0,1,0,0,1,1,0,0,1,0,0,0,0,0,0,0,0,1,1,0,0,RP-16,8,A
0,1,0,0,1,0,0,0,1,1,1,0,0,0,0,0,0,0,0,1,1,1,0,RP-16,8,A
0,0,1,0,1,0,1,1,0,0,0,0,0,0,0,0,1,0,0,0,0,0,0,RP-16,8,A
0,0,1,0,0,1,0,1,0,1,0,1,0,0,0,0,0,0,0,0,0,1,0,RP-16,8,A
1,0,0,1,0,0,0,1,0,1,1,0,0,0,1,1,1,0,0,0,1,0,1,RP-16,8,A
0,0,1,0,0,1,0,1,0,1,1,0,0,0,0,1,0,0,0,0,0,0,0,RP-16,8,A
0,1,0,0,1,0,0,1,0,0,1,0,0,0,0,1,0,0,0,0,0,0,0,RP-16,8,A
0,0,1,0,1,0,1,1,0,1,0,0,1,0,0,0,0,0,0,0,0,0,0,RP-16,8,A
0,0,1,0,1,0,0,0,0,1,1,0,0,0,0,0,0,0,1,0,0,0,0,RP-16,8,A
0,0,1,0,1,0,0,1,1,0,1,0,0,0,0,1,1,0,0,0,0,0,0,RP-16,8,A
0,0,1,0,0,1,0,0,1,1,1,0,0,0,0,1,1,0,0,0,0,0,0,RP-16,8,A
0,1,0,0,1,0,1,1,0,1,1,0,0,0,0,1,0,0,0,0,0,0,0,RP-16,8,A
0,1,0,0,1,0,0,1,0,1,0,0,0,0,0,0,0,0,0,0,1,0,0,RP-16,8,A
0,1,0,0,1,0,0,1,0,0,1,0,0,0,0,0,1,0,1,0,1,0,0,RP-16,8,A
0,1,0,0,1,0,0,1,0,1,0,1,0,0,0,0,1,1,0,0,1,0,0,RP-16,8,A
0,1,0,0,1,0,1,0,1,1,1,0,0,0,0,1,0,0,1,0,0,0,0,RP-16,8,A
0,1,0,0,1,0,1,0,0,1,1,0,0,0,0,0,1,0,1,0,0,0,0,RP-16,8,A
0,0,1,0,1,0,0,1,0,0,0,0,0,1,0,1,0,0,0,0,0,0,0,RP-16,8,A
0,1,0,0,1,0,1,1,0,1,0,0,0,0,0,0,1,0,1,0,0,0,0,RP-16,8,A
0,1,0,0,0,1,1,0,0,1,0,0,0,0,0,1,0,0,0,0,1,0,0,RP-16,8,A
0,1,0,0,1,0,0,1,0,1,1,0,0,1,0,1,1,0,0,0,0,0,0,RP-16,8,A
0,1,0,0,0,1,0,1,0,1,1,0,0,0,0,0,1,0,1,0,1,0,0,RP-16,8,A
1,0,0,0,1,0,1,1,0,1,1,0,0,0,0,1,0,0,1,0,1,0,0,RP-16,8,A
1,0,0,0,1,0,0,0,0,1,1,0,0,0,0,0,1,0,0,0,0,0,0,RP-16,8,A
0,0,1,0,1,0,1,0,0,1,0,0,0,0,0,0,0,0,1,0,0,0,1,IGNF,11,B
0,0,1,0,1,0,1,0,0,0,1,0,0,0,0,1,1,0,0,0,1,0,0,IGNF,11,B
0,0,1,0,1,0,1,0,0,0,0,0,0,0,0,0,1,0,0,0,0,0,0,IGNF,11,B
0,0,1,0,1,0,0,1,1,1,1,0,1,1,1,0,0,1,0,0,0,0,0,IGNF,11,B
0,0,1,0,0,1,0,1,0,1,1,0,0,0,0,0,1,0,1,0,0,1,1,IGNF,11,B
0,0,1,0,0,1,1,0,0,1,1,0,1,0,0,1,1,0,1,0,0,0,0,IGNF,11,B
0,0,1,0,0,1,0,1,0,1,1,0,0,0,0,1,1,1,1,1,0,0,0,IGNF,11,B
0,0,1,0,1,0,0,1,0,0,1,0,0,0,0,1,1,0,1,1,0,1,0,IGNF,11,B
0,0,1,0,1,0,1,0,0,1,1,0,0,0,0,0,1,0,0,1,1,0,0,IGNF,11,B
0,0,1,0,1,0,1,1,0,0,1,0,0,0,0,1,1,0,0,0,0,0,0,IGNF,11,B
0,1,0,0,0,1,0,1,0,1,1,0,0,0,1,1,1,0,0,1,0,0,1,IGNF,11,B
0,0,1,0,1,0,0,1,0,1,1,0,0,0,1,1,1,0,1,1,0,0,0,IGNF,11,B
0,0,1,0,1,0,1,1,0,1,0,0,0,0,0,0,1,1,0,0,0,0,0,IGNF,11,B
0,1,0,0,1,0,1,1,0,1,1,0,0,0,0,1,0,0,1,0,1,0,1,IGNF,11,B
0,0,1,0,1,0,0,0,0,1,1,0,0,0,1,1,1,0,1,0,0,0,0,IGNF,11,B
0,1,0,0,1,0,1,1,0,0,0,0,0,0,0,0,0,0,0,0,1,0,0,IGNF,11,B
0,0,1,0,1,0,0,1,0,1,1,1,0,0,0,1,0,0,0,0,0,0,1,IGNF,11,B
0,1,0,0,1,0,1,1,0,0,0,0,0,0,0,0,0,0,0,0,1,0,0,IGNF,11,B
0,1,0,0,0,1,1,0,0,1,0,0,0,0,1,0,1,0,1,0,0,1,0,IGNF,11,B
0,0,1,0,1,0,1,1,0,1,0,0,0,0,1,1,1,1,1,0,0,0,0,IGNF,11,B
0,0,1,0,1,0,0,0,0,1,1,0,0,0,0,1,0,0,0,0,0,0,1,IGNF,11,B
0,0,1,1,0,0,0,1,0,1,1,0,0,0,0,1,1,0,1,1,0,0,0,IGNF,11,B
0,0,1,0,1,0,1,1,0,0,0,0,0,0,0,1,1,0,0,0,0,0,0,IGNF,11,B
0,1,0,0,0,1,1,0,0,1,0,0,0,0,1,1,1,0,1,1,0,0,0,IGNF,11,B
0,0,1,0,0,1,1,1,0,1,1,0,0,0,0,0,0,0,0,1,0,0,0,IGNF,11,B
0,0,1,0,0,1,0,0,1,1,0,0,0,0,0,1,1,1,0,0,0,0,0,RP-16,6,B
0,0,1,0,0,1,0,1,0,1,0,0,0,0,0,1,0,1,1,0,0,0,0,RP-16,6,B
0,0,1,0,0,1,0,1,0,0,1,0,0,0,0,1,1,0,1,1,0,0,0,RP-16,6,B
1,0,0,0,1,0,1,1,0,1,0,1,0,0,0,0,1,0,0,0,0,0,0,RP-16,6,B
0,0,1,0,1,0,0,0,0,1,1,0,0,0,0,0,1,0,0,0,0,0,0,RP-16,6,B
0,1,0,0,1,0,0,1,0,0,1,0,0,0,0,1,0,0,0,0,0,0,0,RP-16,6,B
0,1,0,0,1,0,0,0,0,1,0,0,0,0,0,0,1,0,1,0,1,0,0,RP-16,6,B
0,1,0,0,1,0,0,0,1,0,1,0,0,0,0,1,1,0,0,0,1,0,0,RP-16,6,B
1,0,0,0,1,0,0,1,1,1,0,0,1,0,0,1,1,0,0,1,0,0,0,RP-16,6,B
0,1,0,0,1,0,0,1,0,0,0,0,0,0,0,1,0,0,0,0,0,0,0,RP-16,6,B
0,1,0,0,0,1,0,0,0,1,1,0,0,0,0,1,1,0,0,1,0,0,0,RP-16,6,B
0,1,0,0,0,1,1,1,0,1,1,0,0,0,0,0,1,0,0,0,0,0,0,RP-16,6,B
1,0,0,0,1,0,0,1,0,1,1,0,0,0,0,0,1,0,1,0,0,0,0,RP-16,6,B
0,0,1,0,1,0,0,1,0,0,0,1,0,0,0,0,1,0,0,0,0,0,0,RP-16,6,B
0,1,0,0,1,0,0,1,1,1,0,0,0,0,0,1,1,0,1,0,0,0,0,RP-16,6,B
0,1,0,0,0,1,0,1,0,1,1,0,0,0,0,1,0,0,0,0,0,1,0,RP-16,6,B
1,0,0,0,1,0,0,1,0,0,1,0,0,0,0,0,1,0,0,1,0,0,0,RP-16,6,B
0,0,1,0,1,0,0,1,1,1,1,0,0,0,0,1,0,0,1,0,0,0,0,RP-16,6,B
0,1,0,0,1,0,0,1,0,1,0,1,0,0,0,0,1,1,1,0,1,0,0,RP-16,6,B
0,1,0,0,0,1,0,1,0,0,0,0,0,0,0,1,1,0,1,0,0,0,0,RP-16,6,B
0,1,0,0,0,1,0,1,0,1,1,0,0,0,0,1,1,0,0,0,0,1,0,RP-16,6,B
0,1,0,0,0,1,0,1,0,1,0,0,0,0,0,1,1,0,0,0,0,0,0,RP-16,6,B
0,0,1,0,1,0,1,1,0,0,1,0,0,0,0,1,1,1,0,0,0,0,0,RP-16,6,B
0,1,0,0,1,0,0,1,0,1,1,0,0,0,0,1,1,0,0,0,1,0,0,RP-16,6,B
0,1,0,0,1,0,0,1,0,0,0,0,0,0,0,1,1,0,0,0,0,0,0,RP-16,6,B
0,1,0,0,0,1,0,1,0,0,1,0,0,0,0,0,1,0,1,1,0,0,0,RG,9,B
0,0,1,0,0,1,1,1,0,0,1,0,0,0,0,0,0,0,0,0,0,0,0,RG,9,B
0,0,1,0,1,0,0,1,0,1,1,0,0,0,0,0,1,0,0,0,0,0,1,RG,9,B
0,0,1,0,1,0,0,1,0,1,1,0,0,0,0,1,0,0,1,0,1,0,1,RG,9,B
0,1,0,0,1,0,1,1,0,0,0,0,0,0,1,0,0,0,0,0,0,0,0,RG,9,B
0,0,1,0,1,0,1,1,0,1,1,0,0,0,1,0,0,0,0,0,1,0,0,RG,9,B
0,0,1,0,1,0,1,1,0,1,0,0,0,0,0,0,0,0,1,0,0,0,0,RG,9,B
0,0,1,0,1,0,1,1,0,1,1,0,0,0,0,0,1,1,0,0,0,0,0,RG,9,B
0,0,1,1,0,0,1,0,0,1,1,0,0,0,1,0,0,0,0,0,0,0,1,RG,9,B
0,0,1,0,0,1,1,1,0,1,0,0,0,0,0,0,1,1,1,0,0,0,0,RG,9,B
0,0,1,1,0,0,0,1,0,1,1,0,0,0,0,0,0,0,1,1,0,0,0,RG,9,B
0,1,0,0,1,0,0,1,0,1,0,0,0,0,0,0,0,0,0,1,0,0,0,RG,9,B
0,0,1,0,1,0,1,1,0,1,1,0,0,0,0,0,1,0,0,0,0,0,0,RG,9,B
0,0,1,0,1,0,0,1,0,1,1,0,0,0,0,1,1,0,1,0,1,0,0,RG,9,B
0,1,0,0,1,0,1,1,0,1,1,0,0,0,0,0,0,1,0,1,0,0,0,RG,9,B
0,0,1,0,0,1,0,1,0,0,1,0,1,0,0,0,1,1,1,0,0,0,0,RG,9,B
0,1,0,0,1,0,0,1,0,1,1,0,0,0,0,0,0,0,0,1,0,0,0,RG,9,B
0,0,1,0,0,1,1,1,0,1,1,0,0,1,0,0,0,0,0,0,0,0,0,RG,9,B
0,0,1,0,0,1,1,1,0,0,1,0,0,0,1,0,0,0,0,0,0,0,0,RG,9,B
0,1,0,1,0,0,0,1,0,0,1,0,0,0,0,0,0,0,0,1,1,0,0,RG,9,B
0,0,1,0,0,1,0,1,0,0,1,0,0,0,0,1,0,1,0,0,0,0,0,RG,9,B
0,1,0,0,0,1,1,1,0,0,0,0,0,0,0,1,0,0,0,0,0,0,0,RG,9,B
0,1,0,0,1,0,1,1,0,1,0,0,0,0,0,0,1,0,0,1,0,0,0,RG,9,B
0,0,1,0,1,0,0,1,0,1,1,0,0,0,0,0,1,0,1,0,0,0,0,RG,9,B
0,1,0,0,0,1,0,1,0,1,1,0,0,0,1,0,0,0,0,0,1,0,0,RG,9,B
0,1,0,0,1,0,0,0,0,1,1,0,0,1,0,0,1,1,0,0,1,0,0,AUS,7,B
0,1,0,0,0,1,0,1,0,1,1,0,0,0,0,1,0,0,0,0,1,0,0,AUS,7,B
0,1,0,0,1,0,0,1,0,0,1,0,0,0,0,0,0,0,1,0,1,0,0,AUS,7,B
0,1,0,0,1,0,0,1,0,1,1,0,0,0,1,0,1,0,1,0,0,0,0,AUS,7,B
0,1,0,0,1,0,0,1,0,1,1,0,0,0,0,0,1,0,1,1,1,0,0,AUS,7,B
0,0,1,0,0,1,0,1,0,1,0,0,0,0,0,1,0,0,1,0,0,0,0,AUS,7,B
0,0,1,0,1,0,0,1,0,1,1,0,0,0,0,0,1,0,1,0,1,1,0,AUS,7,B
0,1,0,0,1,0,0,1,0,0,1,0,0,0,1,1,1,0,0,0,0,1,0,AUS,7,B
0,1,0,0,0,1,0,1,0,0,0,0,0,0,0,0,0,0,0,0,0,0,0,AUS,7,B
0,1,0,0,1,0,0,1,0,0,1,0,0,0,0,1,1,0,0,0,1,0,0,AUS,7,B
0,0,1,0,0,1,1,1,0,0,1,0,0,0,0,1,1,0,0,0,1,0,0,AUS,7,B
0,1,0,0,1,0,0,1,0,1,0,0,0,0,0,1,0,0,0,1,0,0,0,AUS,7,B
0,0,1,0,1,0,0,1,0,0,1,0,0,0,0,0,1,0,1,0,0,0,0,AUS,7,B
0,1,0,0,0,1,0,1,0,1,0,0,0,0,0,0,1,0,0,0,0,0,0,AUS,7,B
0,0,1,1,0,0,1,0,0,1,1,0,0,0,0,0,0,0,1,0,0,0,1,AUS,7,B
0,0,1,0,0,1,0,1,0,1,1,0,0,0,0,1,1,1,0,1,0,0,0,AUS,7,B
0,1,0,0,1,0,0,0,0,0,1,0,0,0,0,1,1,0,0,0,0,0,0,AUS,7,B
0,0,1,0,0,1,1,1,0,1,1,0,0,0,0,1,0,0,0,0,1,0,0,AUS,7,B
0,1,0,0,0,1,0,1,0,0,1,0,0,0,0,1,1,0,1,0,1,0,0,AUS,7,B
0,0,1,0,0,1,0,1,0,1,1,0,0,0,0,1,0,0,1,0,0,0,0,AUS,7,B
0,0,1,0,0,1,1,1,0,1,1,0,0,0,0,1,1,0,0,1,0,0,0,AUS,7,B
0,1,0,0,1,0,1,1,0,1,1,0,0,0,0,1,1,0,1,0,1,0,0,AUS,7,B
0,1,0,0,1,0,0,0,0,1,1,0,0,0,0,1,1,0,1,1,0,0,0,AUS,7,B
0,0,1,0,1,0,0,0,1,0,1,0,0,0,0,1,1,1,0,0,0,0,0,AUS,7,B
0,1,0,0,0,1,0,0,0,1,1,0,0,0,0,0,0,0,1,0,0,0,0,AUS,7,B
0,0,1,0,1,0,0,0,0,1,1,0,0,0,0,1,0,0,0,0,1,0,0,ELVA,11,B
0,1,0,0,1,0,0,1,0,1,1,0,0,0,1,1,1,0,0,1,1,1,0,ELVA,11,B
0,1,0,0,0,1,1,1,0,1,1,0,0,0,0,1,1,0,0,0,0,0,0,ELVA,11,B
0,0,1,1,0,0,0,0,1,1,1,0,0,0,0,0,1,0,0,0,0,0,0,ELVA,11,B
0,1,0,1,0,0,1,0,0,0,1,0,0,0,1,1,1,0,0,0,0,0,0,ELVA,11,B
0,0,1,0,1,0,1,1,0,1,1,0,0,0,0,0,1,0,0,0,0,0,0,ELVA,11,B
0,1,0,0,0,1,0,1,1,0,1,0,0,0,0,1,1,0,0,1,1,0,0,ELVA,11,B
0,1,0,0,0,1,1,1,0,0,1,1,0,0,0,1,0,0,0,0,0,0,0,ELVA,11,B
0,0,1,0,1,0,0,1,0,1,1,0,0,0,0,0,1,1,0,0,0,0,0,ELVA,11,B
0,1,0,0,0,1,1,1,0,0,1,0,0,0,0,1,1,0,0,0,1,0,0,ELVA,11,B
0,0,1,0,1,0,0,1,0,0,1,0,0,0,0,1,1,0,0,0,0,0,0,ELVA,11,B
0,1,0,0,0,1,1,1,0,0,1,0,0,0,0,0,1,0,0,1,1,0,1,ELVA,11,B
0,1,0,0,1,0,0,1,0,1,1,0,0,0,0,1,1,0,0,0,0,0,0,ELVA,11,B
0,0,1,0,0,1,1,0,0,0,1,0,1,0,0,0,1,1,0,0,0,0,0,ELVA,11,B
0,1,0,0,0,1,1,0,0,1,1,0,0,0,1,0,1,0,0,0,1,0,0,ELVA,11,B
0,0,1,0,1,0,0,1,0,0,1,0,0,0,0,1,1,0,0,0,1,0,0,ELVA,11,B
0,0,1,0,0,1,0,1,0,0,1,0,0,0,0,0,1,0,0,1,0,0,0,ELVA,11,B
0,1,0,0,1,0,0,1,1,0,0,0,0,0,0,0,1,0,0,0,1,0,0,ELVA,11,B
0,0,1,0,0,1,1,1,1,0,1,0,0,0,0,1,0,0,0,0,0,0,0,ELVA,11,B
0,1,0,0,0,1,1,1,0,1,0,0,0,0,0,1,0,0,0,1,0,0,0,ELVA,11,B
0,0,1,0,1,0,0,0,0,1,1,0,0,0,0,1,1,0,0,0,0,0,0,ELVA,11,B
0,0,1,0,1,0,0,1,0,1,1,0,0,0,0,1,1,0,0,0,0,0,0,ELVA,11,B
0,0,1,0,1,0,0,1,0,1,0,0,0,0,0,0,0,1,1,0,0,0,0,ELVA,11,B
0,1,0,0,0,1,1,1,0,0,0,0,0,0,0,1,1,1,0,0,1,0,0,ELVA,11,B
0,0,1,0,1,0,0,0,1,1,1,0,0,0,1,1,1,0,0,0,0,0,0,ELVA,11,B
0,0,1,0,1,0,0,1,1,1,1,0,0,0,0,1,0,0,0,0,0,0,0,RP-16,3,B
1,0,0,0,1,0,0,1,0,1,0,0,0,0,0,1,1,0,0,0,0,0,0,RP-16,3,B
0,0,1,0,0,1,0,1,0,1,1,0,0,0,0,0,0,0,0,0,0,0,0,RP-16,3,B
0,1,0,0,1,0,0,1,1,0,1,1,0,0,0,0,1,0,0,0,0,0,0,RP-16,3,B
0,0,1,0,0,1,0,1,0,1,0,0,0,0,0,1,1,0,0,0,0,0,0,RP-16,3,B
0,0,1,0,0,1,0,1,0,0,1,0,0,0,0,1,0,0,0,0,0,0,0,RP-16,3,B
0,1,0,0,0,1,0,1,0,1,1,0,0,0,0,1,1,1,1,0,0,0,0,RP-16,3,B
0,1,0,0,0,1,0,1,0,1,1,0,0,0,0,0,1,1,1,1,1,0,0,RP-16,3,B
0,1,0,0,1,0,0,1,0,1,1,0,0,0,0,1,0,0,0,1,0,0,0,RP-16,3,B
0,0,1,0,0,1,1,0,0,1,0,0,0,0,0,0,1,0,1,0,0,0,0,RP-16,3,B
0,0,1,0,1,0,0,1,0,0,1,0,0,0,0,0,0,0,1,1,0,0,0,RP-16,3,B
0,0,1,0,0,1,0,1,1,1,1,0,0,0,0,0,1,1,0,0,0,0,0,RP-16,3,B
0,1,0,0,1,0,0,1,0,1,1,0,0,0,0,1,0,0,1,0,0,0,0,RP-16,3,B
0,1,0,0,0,1,0,1,0,1,1,0,0,0,0,0,1,0,1,1,1,0,0,RP-16,3,B
0,1,0,0,1,0,0,1,0,0,1,0,0,0,0,0,1,0,1,0,1,0,0,RP-16,3,B
0,0,1,0,0,1,0,1,0,1,0,0,0,0,0,1,0,0,1,0,0,0,0,RP-16,3,B
0,1,0,0,0,1,0,1,0,1,0,0,0,0,0,0,1,0,0,1,0,1,0,RP-16,3,B
0,1,0,0,1,0,0,1,0,0,1,0,0,0,0,1,0,0,1,0,1,0,0,RP-16,3,B
0,0,1,0,0,1,1,1,1,1,1,0,0,0,0,0,1,0,1,0,0,0,0,RP-16,3,B
0,0,1,0,1,0,0,1,0,1,0,0,0,0,0,1,1,0,1,0,0,0,0,RP-16,3,B
0,0,1,0,0,1,0,1,0,1,1,0,0,0,0,0,1,1,0,0,0,0,0,RP-16,3,B
0,0,1,0,1,0,0,1,0,1,1,0,0,0,0,0,1,0,0,0,0,0,0,RP-16,3,B
0,0,1,0,0,1,0,1,1,1,1,0,0,0,1,0,0,0,0,0,0,0,0,RP-16,3,B
0,0,1,0,1,0,0,0,0,0,1,0,0,0,0,0,1,1,1,0,0,0,0,RP-16,3,B
0,1,0,0,1,0,0,1,0,1,1,1,0,0,0,0,1,0,0,0,1,0,0,RP-16,3,B
0,0,1,0,0,1,0,1,0,1,1,0,0,0,0,0,0,1,1,0,0,0,0,ELVA,5,A
0,1,0,0,1,0,0,0,0,0,1,0,0,0,0,0,1,1,0,0,0,0,0,ELVA,5,A
0,1,0,0,1,0,1,1,0,0,1,0,0,0,0,1,1,0,0,1,1,0,1,ELVA,5,A
0,0,1,0,1,0,0,0,1,1,1,0,0,1,0,0,1,1,0,0,0,0,1,ELVA,5,A
0,1,0,0,1,0,1,1,0,1,1,0,0,0,1,1,0,0,1,0,0,0,0,ELVA,5,A
0,0,1,0,0,1,1,1,0,0,1,1,0,0,0,0,1,0,0,0,0,0,0,ELVA,5,A
0,1,0,0,0,1,1,1,1,1,0,0,0,0,0,0,0,0,0,0,1,0,0,ELVA,5,A
0,1,0,0,1,0,1,1,0,1,1,0,0,0,0,1,0,0,0,1,1,0,0,ELVA,5,A
0,1,0,0,0,1,0,1,0,1,1,0,0,0,0,1,1,0,0,0,1,0,0,ELVA,5,A
0,1,0,0,1,0,1,1,0,0,1,0,1,0,0,0,1,0,1,1,0,0,0,ELVA,5,A
0,0,1,0,1,0,0,0,0,1,1,0,0,0,1,1,1,0,0,1,0,0,1,ELVA,5,A
0,0,1,0,1,0,0,1,0,0,0,0,0,0,1,0,0,0,1,0,1,0,0,ELVA,5,A
0,0,1,0,0,1,0,1,0,1,1,0,0,0,0,0,0,1,0,1,1,0,0,ELVA,5,A
0,1,0,0,0,1,1,1,0,1,0,0,0,0,0,0,1,0,0,0,0,0,0,ELVA,5,A
0,0,1,0,0,1,0,0,0,1,0,1,0,0,1,0,0,0,1,0,0,0,0,ELVA,5,A
0,0,1,0,0,1,1,1,0,1,0,0,0,0,1,0,0,0,0,0,0,1,0,ELVA,5,A
0,1,0,0,0,1,1,1,0,0,0,0,0,0,1,0,1,0,1,0,1,0,0,ELVA,5,A
0,1,0,0,1,0,0,0,0,1,1,0,0,0,0,1,1,0,0,0,0,0,0,ELVA,5,A
0,0,1,0,0,1,1,1,0,0,0,0,0,0,0,1,1,1,0,1,0,0,0,ELVA,5,A
1,0,0,0,1,0,1,1,0,0,1,0,0,0,0,0,0,0,1,1,1,0,0,ELVA,5,A
0,0,1,0,1,0,0,1,0,1,1,0,0,0,0,1,1,0,0,0,0,0,0,ELVA,5,A
0,1,0,0,1,0,1,1,0,0,1,0,0,0,1,0,1,0,1,1,0,0,0,ELVA,5,A
0,0,1,0,0,1,1,1,1,1,1,0,0,0,0,1,1,0,0,0,0,0,0,ELVA,5,A
0,0,1,0,0,1,1,1,1,0,1,0,0,0,0,0,1,0,1,0,0,0,0,ELVA,5,A
0,0,1,0,1,0,0,1,0,1,1,1,0,0,0,0,1,0,0,0,0,0,0,ELVA,5,A
0,0,1,0,1,0,0,1,0,1,1,0,0,0,0,1,0,0,1,0,0,0,0,IGNF,13,A
0,0,1,0,1,0,1,0,0,0,0,0,0,0,0,1,0,0,0,1,0,0,1,IGNF,13,A
0,0,1,0,0,1,0,1,0,0,1,0,0,0,0,0,1,0,0,0,0,1,0,IGNF,13,A
0,0,1,0,1,0,0,0,0,0,1,0,0,0,1,0,0,0,1,0,0,0,0,IGNF,13,A
0,0,1,0,1,0,0,1,0,0,0,0,0,0,0,0,1,0,1,1,0,0,1,IGNF,13,A
0,0,1,0,1,0,0,1,0,0,1,0,0,0,0,1,0,1,1,0,1,0,0,IGNF,13,A
0,1,0,0,0,1,1,1,0,0,1,0,0,0,0,1,0,0,1,0,1,0,0,IGNF,13,A
0,0,1,0,1,0,0,0,1,1,1,0,0,0,0,1,0,0,0,0,0,0,0,IGNF,13,A
0,0,1,0,1,0,0,1,0,1,1,0,0,0,0,1,0,0,1,0,0,0,0,IGNF,13,A
0,0,1,0,1,0,0,1,0,1,1,0,0,0,0,0,0,0,0,0,1,0,0,IGNF,13,A
0,1,0,0,0,1,0,1,0,0,1,0,0,0,0,1,1,0,1,0,1,0,0,IGNF,13,A
0,0,1,0,1,0,0,0,1,0,0,0,0,0,0,1,1,0,0,0,0,0,1,IGNF,13,A
0,0,1,0,1,0,0,1,0,1,1,0,0,0,0,0,1,0,1,0,0,0,0,IGNF,13,A
0,0,1,0,0,1,0,1,0,1,1,0,1,0,0,0,1,0,1,0,0,0,0,IGNF,13,A
0,0,1,0,1,0,0,1,0,0,1,0,0,0,0,1,1,0,0,0,0,0,0,IGNF,13,A
0,0,1,0,0,1,0,1,1,1,1,0,0,0,0,0,0,0,0,1,1,0,0,IGNF,13,A
0,0,1,0,0,1,0,0,0,1,0,0,1,0,0,1,1,0,1,1,0,0,0,IGNF,13,A
0,0,1,0,1,0,1,1,0,1,1,0,0,0,0,0,1,0,0,1,0,1,0,IGNF,13,A
0,1,0,0,1,0,0,1,0,0,1,0,1,0,0,1,0,0,0,1,1,0,0,IGNF,13,A
0,1,0,0,1,0,0,1,0,1,1,0,0,0,0,1,1,0,0,1,1,0,0,IGNF,13,A
0,1,0,0,1,0,1,1,0,1,1,0,0,0,0,0,1,0,1,0,1,0,0,IGNF,13,A
0,1,0,0,1,0,0,1,0,0,1,0,0,0,1,1,1,0,0,0,0,0,0,IGNF,13,A
0,0,1,0,1,0,0,0,1,0,1,0,0,0,0,0,1,0,0,1,1,0,0,IGNF,13,A
0,0,1,0,0,1,0,1,0,1,1,0,0,0,0,1,0,0,1,0,0,0,0,IGNF,13,A
0,0,1,0,1,0,1,0,0,1,1,1,0,0,0,1,0,0,1,0,0,0,0,IGNF,13,A
0,1,0,0,1,0,1,1,0,1,0,0,0,0,0,1,0,0,0,1,1,0,0,RG,15,A
0,1,0,0,0,1,1,1,0,1,0,0,0,0,0,0,1,0,1,0,1,0,0,RG,15,A
0,1,0,0,1,0,0,1,0,0,1,0,0,0,1,1,0,0,1,1,0,0,0,RG,15,A
0,1,0,0,1,0,0,1,0,1,0,0,0,0,0,1,0,0,1,1,1,0,0,RG,15,A
0,1,0,0,0,1,1,1,0,1,1,0,0,0,0,0,1,0,1,1,1,0,0,RG,15,A
0,0,1,0,0,1,1,1,0,1,1,0,0,0,0,0,1,0,1,1,0,0,0,RG,15,A
0,1,0,0,0,1,1,1,0,0,0,0,0,0,0,0,0,0,1,0,0,0,0,RG,15,A
0,0,1,0,0,1,0,1,0,1,1,0,0,0,0,1,0,1,0,0,0,0,0,RG,15,A
0,1,0,0,1,0,1,1,0,1,1,0,0,0,0,1,1,0,1,0,1,0,0,RG,15,A
0,0,1,0,0,1,1,1,1,1,0,0,0,0,0,1,0,0,0,1,0,1,0,RG,15,A
0,0,1,0,1,0,1,1,0,0,1,0,0,0,1,1,1,0,0,0,0,0,0,RG,15,A
0,0,1,0,0,1,1,1,1,1,1,0,0,0,0,1,0,0,0,1,0,0,0,RG,15,A
0,0,1,0,0,1,1,1,0,1,1,0,0,0,0,1,0,0,1,0,0,0,0,RG,15,A
0,1,0,0,1,0,1,1,0,1,1,0,0,0,0,0,0,0,0,1,1,0,0,RG,15,A
0,0,1,0,0,1,0,1,0,1,0,0,0,0,0,1,1,0,0,1,0,0,0,RG,15,A
0,0,1,0,1,0,1,0,0,1,1,0,0,0,0,0,0,0,1,0,0,0,0,RG,15,A
0,0,1,0,1,0,0,1,0,1,1,0,0,0,0,1,0,1,1,1,0,0,0,RG,15,A
0,0,1,0,0,1,0,1,0,1,1,0,0,0,0,1,1,0,0,0,1,0,0,RG,15,A
0,1,0,0,1,0,1,1,0,1,1,0,0,0,0,0,0,0,0,1,1,0,0,RG,15,A
0,1,0,0,1,0,0,1,0,1,0,0,0,0,0,0,0,0,0,1,1,1,0,RG,15,A
0,0,1,0,1,0,0,1,0,1,1,0,0,0,0,1,0,1,0,0,0,0,0,RG,15,A
0,1,0,0,1,0,1,1,0,1,1,0,0,0,0,1,1,0,0,0,0,0,0,RG,15,A
0,0,1,0,1,0,1,1,0,1,0,0,0,0,0,1,0,0,1,0,1,0,0,RG,15,A
0,1,0,0,1,0,0,1,0,1,1,0,0,0,0,0,0,1,0,0,1,0,0,RG,15,A
0,0,1,0,1,0,1,1,0,0,1,0,0,0,0,0,0,1,0,0,0,0,0,RG,15,A
